Unnamed: 0,name,cik,state,issuers,cussip,shares,shares_type
21260,RIVERBRIDGE PARTNERS LLC,1112325,MN,Roche,767744105,3508541.0,SH
38207,Neumann Advisory Hong Kong Ltd,1727862,K3,Sinovac,88160R101,43000.0,SH
40627,CANANDAIGUA NATIONAL CORP,759458,NY,Roche,001055102,33833.0,SH
40780,CANANDAIGUA NATIONAL CORP,759458,NY,Merck,58155Q103,5705.0,SH
40796,CANANDAIGUA NATIONAL CORP,759458,NY,Novartis,668074305,4519.0,SH
40808,CANANDAIGUA NATIONAL CORP,759458,NY,Pfizer,713448108,64311.0,SH
40820,CANANDAIGUA NATIONAL CORP,759458,NY,Roche,761152107,1847.0,SH
58022,First American Bank,1291422,IL,Glaxosmithkline,375558103,47933.0,SH
58112,First American Bank,1291422,IL,Merck,58013MEU4,450000.0,PRN
58113,First American Bank,1291422,IL,Merck,58933Y105,118846.0,SH
58142,First American Bank,1291422,IL,Pfizer,713448108,3165.0,SH
58143,First American Bank,1291422,IL,Pfizer,717081103,186222.0,SH
81045,"SCOUT INVESTMENTS, INC.",1161927,MO,Novartis,668771108,337937.0,SH
81080,"SCOUT INVESTMENTS, INC.",1161927,MO,Roche,770323103,593365.0,SH
232877,REGENTS OF THE UNIVERSITY OF CALIFORNIA,315054,CA,Merck,191216100,18000.0,SH
232879,REGENTS OF THE UNIVERSITY OF CALIFORNIA,315054,CA,Pfizer,58933Y105,21600.0,SH
259901,Calamos Advisors LLC,1316507,IL,Merck,58733R102,3823.0,SH
259914,Calamos Advisors LLC,1316507,IL,Moderna,594918104,2691294.0,SH
259983,Calamos Advisors LLC,1316507,IL,Pfizer,G7S00T104,112492.0,SH
312145,"Pacer Advisors, Inc.",1616667,PA,Glaxosmithkline,375558103,269708.0,SH
312315,"Pacer Advisors, Inc.",1616667,PA,Merck,58733R102,3934.0,SH
312328,"Pacer Advisors, Inc.",1616667,PA,Moderna,600544100,89.0,SH
312425,"Pacer Advisors, Inc.",1616667,PA,Pfizer,714046109,14666.0,SH
312494,"Pacer Advisors, Inc.",1616667,PA,Sanofi,79466L302,74624.0,SH
354827,"Cullen Capital Management, LLC",1362535,NY,Merck,578605107,21232.0,SH
354835,"Cullen Capital Management, LLC",1362535,NY,Pfizer,68389X105,12705.0,SH
354862,"Cullen Capital Management, LLC",1362535,NY,Glaxosmithkline,G06940103,359095.0,SH
354873,"Cullen Capital Management, LLC",1362535,NY,Novartis,Y74718118,110000.0,SH
354874,"Cullen Capital Management, LLC",1362535,NY,Roche,H57312649,46020.0,SH
354881,"Cullen Capital Management, LLC",1362535,NY,Sanofi,D55535104,12265.0,SH
354889,"Cullen Capital Management, LLC",1362535,NY,Glaxosmithkline,110448107,93380.0,SH
354893,"Cullen Capital Management, LLC",1362535,NY,Novartis,69343P105,74395.0,SH
425687,KORNITZER CAPITAL MANAGEMENT INC /KS,898358,KS,Astrazeneca,N07059210,25741.0,SH
425694,KORNITZER CAPITAL MANAGEMENT INC /KS,898358,KS,Bayer,060505104,64925.0,SH
425940,KORNITZER CAPITAL MANAGEMENT INC /KS,898358,KS,Merck,58155Q103,6861.0,SH
425987,KORNITZER CAPITAL MANAGEMENT INC /KS,898358,KS,Pfizer,707569109,645390.0,SH
426007,KORNITZER CAPITAL MANAGEMENT INC /KS,898358,KS,Roche,76171L106,11897.0,SH
426013,KORNITZER CAPITAL MANAGEMENT INC /KS,898358,KS,Sanofi,78409V104,24750.0,SH
459661,LSV ASSET MANAGEMENT,1050470,IL,Astrazeneca,04621X108,10566.0,SH
459969,LSV ASSET MANAGEMENT,1050470,IL,Glaxosmithkline,375558103,4512168.0,SH
460159,LSV ASSET MANAGEMENT,1050470,IL,Merck,58513U101,1063300.0,SH
460283,LSV ASSET MANAGEMENT,1050470,IL,Pfizer,G97822103,102800.0,SH
460350,LSV ASSET MANAGEMENT,1050470,IL,Roche,769397100,140400.0,SH
460366,LSV ASSET MANAGEMENT,1050470,IL,Sanofi,800363103,363163.0,SH
542313,PLATINUM INVESTMENT MANAGEMENT LTD,1256071,C3,Moderna,09058V103,462402.0,SH
584505,"LETKO, BROSSEAU & ASSOCIATES INC",1297496,A8,Glaxosmithkline,369604103,7758165.0,SH
584523,"LETKO, BROSSEAU & ASSOCIATES INC",1297496,A8,Merck,559222401,4622319.0,SH
584531,"LETKO, BROSSEAU & ASSOCIATES INC",1297496,A8,Pfizer,68389X105,1174066.0,SH
615431,"PNC FINANCIAL SERVICES GROUP, INC.",713676,PA,Astrazeneca,046224101,36.0,SH
615432,"PNC FINANCIAL SERVICES GROUP, INC.",713676,PA,Astrazeneca,046224101,154.0,SH
615433,"PNC FINANCIAL SERVICES GROUP, INC.",713676,PA,Astrazeneca,046353108,108133.0,SH
615434,"PNC FINANCIAL SERVICES GROUP, INC.",713676,PA,Astrazeneca,046353108,69061.0,SH
619152,"PNC FINANCIAL SERVICES GROUP, INC.",713676,PA,Glaxosmithkline,377322102,77.0,SH
619153,"PNC FINANCIAL SERVICES GROUP, INC.",713676,PA,Glaxosmithkline,377322102,531.0,SH
619154,"PNC FINANCIAL SERVICES GROUP, INC.",713676,PA,Glaxosmithkline,37733W105,240190.0,SH
619155,"PNC FINANCIAL SERVICES GROUP, INC.",713676,PA,Glaxosmithkline,37733W105,254911.0,SH
622046,"PNC FINANCIAL SERVICES GROUP, INC.",713676,PA,Merck,588056101,295.0,SH
622047,"PNC FINANCIAL SERVICES GROUP, INC.",713676,PA,Merck,58844R108,14687.0,SH
622048,"PNC FINANCIAL SERVICES GROUP, INC.",713676,PA,Merck,58933Y105,3174624.0,SH
622049,"PNC FINANCIAL SERVICES GROUP, INC.",713676,PA,Merck,58933Y105,2276018.0,SH
622050,"PNC FINANCIAL SERVICES GROUP, INC.",713676,PA,Merck,58933Y105,2276018.0,SH
622051,"PNC FINANCIAL SERVICES GROUP, INC.",713676,PA,Merck,58933Y105,993257.0,SH
622052,"PNC FINANCIAL SERVICES GROUP, INC.",713676,PA,Merck,58933Y105,85705.0,SH
622053,"PNC FINANCIAL SERVICES GROUP, INC.",713676,PA,Merck,58933Y105,85705.0,SH
622054,"PNC FINANCIAL SERVICES GROUP, INC.",713676,PA,Merck,58933Y105,41662.0,SH
622205,"PNC FINANCIAL SERVICES GROUP, INC.",713676,PA,Moderna,607409109,239.0,SH
622206,"PNC FINANCIAL SERVICES GROUP, INC.",713676,PA,Moderna,607525102,184.0,SH
622207,"PNC FINANCIAL SERVICES GROUP, INC.",713676,PA,Moderna,60770K107,10343.0,SH
622208,"PNC FINANCIAL SERVICES GROUP, INC.",713676,PA,Moderna,60770K107,299.0,SH
622759,"PNC FINANCIAL SERVICES GROUP, INC.",713676,PA,Novartis,66987E206,51.0,SH
622760,"PNC FINANCIAL SERVICES GROUP, INC.",713676,PA,Novartis,66987E206,106.0,SH
622761,"PNC FINANCIAL SERVICES GROUP, INC.",713676,PA,Novartis,66987V109,129378.0,SH
622762,"PNC FINANCIAL SERVICES GROUP, INC.",713676,PA,Novartis,66987V109,106055.0,SH
622763,"PNC FINANCIAL SERVICES GROUP, INC.",713676,PA,Novartis,66987V109,106055.0,SH
622764,"PNC FINANCIAL SERVICES GROUP, INC.",713676,PA,Novartis,66987V109,8477.0,SH
623462,"PNC FINANCIAL SERVICES GROUP, INC.",713676,PA,Pfizer,71654V408,12904.0,SH
623463,"PNC FINANCIAL SERVICES GROUP, INC.",713676,PA,Pfizer,71654V408,358.0,SH
623464,"PNC FINANCIAL SERVICES GROUP, INC.",713676,PA,Pfizer,717081103,7303610.0,SH
623465,"PNC FINANCIAL SERVICES GROUP, INC.",713676,PA,Pfizer,717081103,3358620.0,SH
623466,"PNC FINANCIAL SERVICES GROUP, INC.",713676,PA,Pfizer,717081103,3358620.0,SH
623467,"PNC FINANCIAL SERVICES GROUP, INC.",713676,PA,Pfizer,717081103,1013196.0,SH
623468,"PNC FINANCIAL SERVICES GROUP, INC.",713676,PA,Pfizer,717081103,110181.0,SH
623469,"PNC FINANCIAL SERVICES GROUP, INC.",713676,PA,Pfizer,717081103,110181.0,SH
623470,"PNC FINANCIAL SERVICES GROUP, INC.",713676,PA,Pfizer,717081103,104054.0,SH
624575,"PNC FINANCIAL SERVICES GROUP, INC.",713676,PA,Sanofi,800422107,41.0,SH
624576,"PNC FINANCIAL SERVICES GROUP, INC.",713676,PA,Sanofi,800677106,455.0,SH
624577,"PNC FINANCIAL SERVICES GROUP, INC.",713676,PA,Sanofi,80105N105,123411.0,SH
624578,"PNC FINANCIAL SERVICES GROUP, INC.",713676,PA,Sanofi,80105N105,43580.0,SH
624579,"PNC FINANCIAL SERVICES GROUP, INC.",713676,PA,Sanofi,80105N105,43580.0,SH
624580,"PNC FINANCIAL SERVICES GROUP, INC.",713676,PA,Sanofi,80105N105,11240.0,SH
624931,"PNC FINANCIAL SERVICES GROUP, INC.",713676,PA,Roche,829226109,563.0,SH
624932,"PNC FINANCIAL SERVICES GROUP, INC.",713676,PA,Roche,82935M109,615.0,SH
624933,"PNC FINANCIAL SERVICES GROUP, INC.",713676,PA,Roche,82935M109,31.0,SH
627414,"PNC FINANCIAL SERVICES GROUP, INC.",713676,PA,Bayer,071734107,448.0,SH
628321,"PNC FINANCIAL SERVICES GROUP, INC.",713676,PA,Merck,58733R102,774.0,SH
628322,"PNC FINANCIAL SERVICES GROUP, INC.",713676,PA,Merck,587376104,752.0,SH
628400,"PNC FINANCIAL SERVICES GROUP, INC.",713676,PA,Novartis,666807102,7506.0,SH
628553,"PNC FINANCIAL SERVICES GROUP, INC.",713676,PA,Roche,767204100,6174.0,SH
628652,"PNC FINANCIAL SERVICES GROUP, INC.",713676,PA,Sanofi,80007R105,1120.0,SH
633257,"Fisher Asset Management, LLC",850529,WA,Astrazeneca,04537N103,10000.0,SH
633458,"Fisher Asset Management, LLC",850529,WA,Glaxosmithkline,375558103,3484.0,SH
633666,"Fisher Asset Management, LLC",850529,WA,Merck,58533E103,15979.0,SH
633708,"Fisher Asset Management, LLC",850529,WA,Novartis,666807102,855.0,SH
633759,"Fisher Asset Management, LLC",850529,WA,Pfizer,71654V101,164202.0,SH
633810,"Fisher Asset Management, LLC",850529,WA,Roche,76169C100,76007.0,SH
633843,"Fisher Asset Management, LLC",850529,WA,Sanofi,79466L302,11506350.0,SH
646237,DIAMOND HILL CAPITAL MANAGEMENT INC,1217541,OH,Glaxosmithkline,37045V100,7624094.0,SH
646280,DIAMOND HILL CAPITAL MANAGEMENT INC,1217541,OH,Novartis,655044105,4555517.0,SH
646287,DIAMOND HILL CAPITAL MANAGEMENT INC,1217541,OH,Pfizer,713448108,2698702.0,SH
661381,"HAP Trading, LLC",1484972,NY,Glaxosmithkline,464287515,41200.0,SH
661503,"HAP Trading, LLC",1484972,NY,Pfizer,505743104,15900.0,SH
661548,"HAP Trading, LLC",1484972,NY,Merck,72352L106,34000.0,SH
661569,"HAP Trading, LLC",1484972,NY,Moderna,254709108,13800.0,SH
661785,"HAP Trading, LLC",1484972,NY,Astrazeneca,346375108,11700.0,SH
661950,"HAP Trading, LLC",1484972,NY,Pfizer,101137107,10900.0,SH
662032,"HAP Trading, LLC",1484972,NY,Novartis,46428Q109,283200.0,SH
662108,"HAP Trading, LLC",1484972,NY,Pfizer,69331C108,3586600.0,SH
662374,"HAP Trading, LLC",1484972,NY,Astrazeneca,649445103,64700.0,SH
662548,"HAP Trading, LLC",1484972,NY,Astrazeneca,55616P104,172900.0,SH
662571,"HAP Trading, LLC",1484972,NY,Glaxosmithkline,075896100,277000.0,SH
662631,"HAP Trading, LLC",1484972,NY,Merck,532457108,136000.0,SH
662914,"HAP Trading, LLC",1484972,NY,Moderna,464287432,1283100.0,SH
814050,BAILLIE GIFFORD & CO,1088875,X0,Moderna,594918104,627696.0,SH
814051,BAILLIE GIFFORD & CO,1088875,X0,Moderna,594918104,2176234.0,SH
814052,BAILLIE GIFFORD & CO,1088875,X0,Moderna,607409109,29700.0,SH
814053,BAILLIE GIFFORD & CO,1088875,X0,Moderna,60770K107,1883590.0,SH
814409,THOMAS WHITE INTERNATIONAL LTD,1092351,IL,Astrazeneca,045055100,18938.0,SH
814543,THOMAS WHITE INTERNATIONAL LTD,1092351,IL,Merck,56585A102,20333.0,SH
814575,THOMAS WHITE INTERNATIONAL LTD,1092351,IL,Pfizer,713448108,2820.0,SH
814589,THOMAS WHITE INTERNATIONAL LTD,1092351,IL,Roche,758849103,1860.0,SH
814598,THOMAS WHITE INTERNATIONAL LTD,1092351,IL,Sanofi,79466L302,1893.0,SH
834430,Bank of New York Mellon Corp,1390777,NY,Astrazeneca,046224101,85094.0,SH
834431,Bank of New York Mellon Corp,1390777,NY,Astrazeneca,046224101,171771.0,SH
834432,Bank of New York Mellon Corp,1390777,NY,Astrazeneca,046224101,290470.0,SH
834434,Bank of New York Mellon Corp,1390777,NY,Astrazeneca,046353108,1462.0,SH
834435,Bank of New York Mellon Corp,1390777,NY,Astrazeneca,046353108,11392.0,SH
841194,Bank of New York Mellon Corp,1390777,NY,Glaxosmithkline,377322102,117934.0,SH
841195,Bank of New York Mellon Corp,1390777,NY,Glaxosmithkline,377322102,120544.0,SH
841196,Bank of New York Mellon Corp,1390777,NY,Glaxosmithkline,377322102,186291.0,SH
841198,Bank of New York Mellon Corp,1390777,NY,Glaxosmithkline,37733W105,2848.0,SH
841199,Bank of New York Mellon Corp,1390777,NY,Glaxosmithkline,37733W105,9168.0,SH
841200,Bank of New York Mellon Corp,1390777,NY,Glaxosmithkline,37733W105,88088.0,SH
845895,Bank of New York Mellon Corp,1390777,NY,Merck,58844R108,12.0,SH
845896,Bank of New York Mellon Corp,1390777,NY,Merck,58844R108,26567.0,SH
845897,Bank of New York Mellon Corp,1390777,NY,Merck,58844R108,95648.0,SH
845898,Bank of New York Mellon Corp,1390777,NY,Merck,58933Y105,6001.0,SH
845899,Bank of New York Mellon Corp,1390777,NY,Merck,58933Y105,26799.0,SH
845900,Bank of New York Mellon Corp,1390777,NY,Merck,58933Y105,41297.0,SH
845901,Bank of New York Mellon Corp,1390777,NY,Merck,58933Y105,61056.0,SH
845902,Bank of New York Mellon Corp,1390777,NY,Merck,58933Y105,68925.0,SH
845903,Bank of New York Mellon Corp,1390777,NY,Merck,58933Y105,84692.0,SH
845904,Bank of New York Mellon Corp,1390777,NY,Merck,58933Y105,115867.0,SH
845905,Bank of New York Mellon Corp,1390777,NY,Merck,58933Y105,117892.0,SH
845906,Bank of New York Mellon Corp,1390777,NY,Merck,58933Y105,244731.0,SH
845907,Bank of New York Mellon Corp,1390777,NY,Merck,58933Y105,264265.0,SH
845908,Bank of New York Mellon Corp,1390777,NY,Merck,58933Y105,816721.0,SH
845909,Bank of New York Mellon Corp,1390777,NY,Merck,58933Y105,914550.0,SH
845910,Bank of New York Mellon Corp,1390777,NY,Merck,58933Y105,2580342.0,SH
846252,Bank of New York Mellon Corp,1390777,NY,Moderna,607525102,1250.0,SH
846253,Bank of New York Mellon Corp,1390777,NY,Moderna,607525102,33872.0,SH
846254,Bank of New York Mellon Corp,1390777,NY,Moderna,607525102,86337.0,SH
846255,Bank of New York Mellon Corp,1390777,NY,Moderna,60770K107,30.0,SH
846256,Bank of New York Mellon Corp,1390777,NY,Moderna,60770K107,472.0,SH
846257,Bank of New York Mellon Corp,1390777,NY,Moderna,60770K107,720.0,SH
846258,Bank of New York Mellon Corp,1390777,NY,Moderna,60770K107,1457.0,SH
846259,Bank of New York Mellon Corp,1390777,NY,Moderna,60770K107,11366.0,SH
847330,Bank of New York Mellon Corp,1390777,NY,Novartis,67000B104,19578.0,SH
847331,Bank of New York Mellon Corp,1390777,NY,Novartis,67000B104,42413.0,SH
847332,Bank of New York Mellon Corp,1390777,NY,Novartis,67000B104,96632.0,SH
847333,Bank of New York Mellon Corp,1390777,NY,Novartis,66987V109,900.0,SH
847334,Bank of New York Mellon Corp,1390777,NY,Novartis,66987V109,3600.0,SH
847335,Bank of New York Mellon Corp,1390777,NY,Novartis,66987V109,6638.0,SH
847336,Bank of New York Mellon Corp,1390777,NY,Novartis,66987V109,55707.0,SH
847337,Bank of New York Mellon Corp,1390777,NY,Novartis,66987V109,106444.0,SH
848488,Bank of New York Mellon Corp,1390777,NY,Pfizer,717071104,50.0,SH
848489,Bank of New York Mellon Corp,1390777,NY,Pfizer,717071104,36685.0,SH
848490,Bank of New York Mellon Corp,1390777,NY,Pfizer,717071104,98216.0,SH
848492,Bank of New York Mellon Corp,1390777,NY,Pfizer,717081103,28801.0,SH
848493,Bank of New York Mellon Corp,1390777,NY,Pfizer,717081103,191473.0,SH
848494,Bank of New York Mellon Corp,1390777,NY,Pfizer,717081103,200633.0,SH
848495,Bank of New York Mellon Corp,1390777,NY,Pfizer,717081103,239117.0,SH
848496,Bank of New York Mellon Corp,1390777,NY,Pfizer,717081103,327941.0,SH
848497,Bank of New York Mellon Corp,1390777,NY,Pfizer,717081103,537640.0,SH
848498,Bank of New York Mellon Corp,1390777,NY,Pfizer,717081103,1325186.0,SH
848499,Bank of New York Mellon Corp,1390777,NY,Pfizer,717081103,3438441.0,SH
850254,Bank of New York Mellon Corp,1390777,NY,Sanofi,801056102,194467.0,SH
850255,Bank of New York Mellon Corp,1390777,NY,Sanofi,801056102,203848.0,SH
850256,Bank of New York Mellon Corp,1390777,NY,Sanofi,801056102,432785.0,SH
850257,Bank of New York Mellon Corp,1390777,NY,Sanofi,80105N105,180.0,SH
850258,Bank of New York Mellon Corp,1390777,NY,Sanofi,80105N105,1418.0,SH
850259,Bank of New York Mellon Corp,1390777,NY,Sanofi,80105N105,1471.0,SH
850260,Bank of New York Mellon Corp,1390777,NY,Sanofi,80105N105,7340.0,SH
870520,Spark Investment Management LLC,1554871,NY,Sinovac,G5753U112,26400.0,SH
877834,"Kovitz Investment Group Partners, LLC",1665198,IL,Bayer,05722g100,49789.0,SH
878016,"Kovitz Investment Group Partners, LLC",1665198,IL,Merck,579780206,1715.0,SH
878034,"Kovitz Investment Group Partners, LLC",1665198,IL,Novartis,654106103,55679.0,SH
878046,"Kovitz Investment Group Partners, LLC",1665198,IL,Pfizer,70450Y103,18537.0,SH
878063,"Kovitz Investment Group Partners, LLC",1665198,IL,Roche,751212101,8391.0,SH
878067,"Kovitz Investment Group Partners, LLC",1665198,IL,Sanofi,771195104,34018.0,SH
915956,CREDIT SUISSE AG/,824468,V8,Merck,587376104,467.0,SH
915957,CREDIT SUISSE AG/,824468,V8,Merck,587376104,9133.0,SH
915958,CREDIT SUISSE AG/,824468,V8,Merck,587376104,1709.0,SH
915959,CREDIT SUISSE AG/,824468,V8,Merck,588056101,41970.0,SH
915960,CREDIT SUISSE AG/,824468,V8,Merck,58933Y105,153703.0,SH
915961,CREDIT SUISSE AG/,824468,V8,Merck,58933Y105,1684660.0,SH
915962,CREDIT SUISSE AG/,824468,V8,Merck,58933Y105,179533.0,SH
915963,CREDIT SUISSE AG/,824468,V8,Merck,58933Y105,1932.0,SH
915964,CREDIT SUISSE AG/,824468,V8,Merck,58933Y105,223642.0,SH
915965,CREDIT SUISSE AG/,824468,V8,Merck,58933Y105,25010.0,SH
915966,CREDIT SUISSE AG/,824468,V8,Merck,58933Y105,287280.0,SH
915967,CREDIT SUISSE AG/,824468,V8,Merck,58933Y105,324826.0,SH
916119,CREDIT SUISSE AG/,824468,V8,Moderna,60740F105,8167.0,SH
916120,CREDIT SUISSE AG/,824468,V8,Moderna,60740F105,23799.0,SH
916121,CREDIT SUISSE AG/,824468,V8,Moderna,607525102,3462.0,SH
916122,CREDIT SUISSE AG/,824468,V8,Moderna,607525102,12334.0,SH
916123,CREDIT SUISSE AG/,824468,V8,Moderna,60770K107,201841.0,SH
916124,CREDIT SUISSE AG/,824468,V8,Moderna,60770K107,2621.0,SH
916125,CREDIT SUISSE AG/,824468,V8,Moderna,60770K107,27641.0,SH
916126,CREDIT SUISSE AG/,824468,V8,Moderna,60770K107,32800.0,SH
916127,CREDIT SUISSE AG/,824468,V8,Moderna,60770K107,46300.0,SH
916128,CREDIT SUISSE AG/,824468,V8,Moderna,60770K107,49.0,SH
917147,CREDIT SUISSE AG/,824468,V8,Pfizer,716382106,1600.0,SH
917148,CREDIT SUISSE AG/,824468,V8,Pfizer,716382106,17431.0,SH
917149,CREDIT SUISSE AG/,824468,V8,Pfizer,716382106,1933.0,SH
917150,CREDIT SUISSE AG/,824468,V8,Pfizer,716382106,21956.0,SH
917151,CREDIT SUISSE AG/,824468,V8,Pfizer,717081103,348561.0,SH
917152,CREDIT SUISSE AG/,824468,V8,Pfizer,717081103,362698.0,SH
917153,CREDIT SUISSE AG/,824468,V8,Pfizer,717081103,3770460.0,SH
917154,CREDIT SUISSE AG/,824468,V8,Pfizer,717081103,48814.0,SH
917155,CREDIT SUISSE AG/,824468,V8,Pfizer,717081103,5496.0,SH
917156,CREDIT SUISSE AG/,824468,V8,Pfizer,717081103,6690769.0,SH
917157,CREDIT SUISSE AG/,824468,V8,Pfizer,717081103,1216525.0,SH
917158,CREDIT SUISSE AG/,824468,V8,Pfizer,717081103,135852.0,SH
922947,CREDIT SUISSE AG/,824468,V8,Astrazeneca,04351P101,15.0,SH
923008,CREDIT SUISSE AG/,824468,V8,Glaxosmithkline,29274F104,10.0,SH
923009,CREDIT SUISSE AG/,824468,V8,Glaxosmithkline,29278D105,46680.0,SH
923051,CREDIT SUISSE AG/,824468,V8,Novartis,653656108,10.0,SH
923052,CREDIT SUISSE AG/,824468,V8,Novartis,654902204,2276921.0,SH
923053,CREDIT SUISSE AG/,824468,V8,Novartis,654902204,245606.0,SH
923062,CREDIT SUISSE AG/,824468,V8,Sanofi,767204100,2649.0,SH
923063,CREDIT SUISSE AG/,824468,V8,Sanofi,767204100,34197.0,SH
923064,CREDIT SUISSE AG/,824468,V8,Sanofi,767204100,5727.0,SH
923065,CREDIT SUISSE AG/,824468,V8,Sanofi,76761L102,1239410.0,SH
923066,CREDIT SUISSE AG/,824468,V8,Sanofi,80105N105,23267.0,SH
923067,CREDIT SUISSE AG/,824468,V8,Sanofi,80105N105,42320.0,SH
947210,GOLDMAN SACHS GROUP INC,886982,NY,Astrazeneca,G0585R106,484258.0,SH
947211,GOLDMAN SACHS GROUP INC,886982,NY,Astrazeneca,G0585R106,274384.0,SH
947212,GOLDMAN SACHS GROUP INC,886982,NY,Astrazeneca,046224101,58324.0,SH
947213,GOLDMAN SACHS GROUP INC,886982,NY,Astrazeneca,046224101,377696.0,SH
947214,GOLDMAN SACHS GROUP INC,886982,NY,Astrazeneca,046353108,274803.0,SH
947215,GOLDMAN SACHS GROUP INC,886982,NY,Astrazeneca,046353108,193600.0,SH
947216,GOLDMAN SACHS GROUP INC,886982,NY,Astrazeneca,046353108,32900.0,SH
950157,GOLDMAN SACHS GROUP INC,886982,NY,Glaxosmithkline,377316104,80608.0,SH
950158,GOLDMAN SACHS GROUP INC,886982,NY,Glaxosmithkline,377316104,393844.0,SH
952330,GOLDMAN SACHS GROUP INC,886982,NY,Merck,587376104,21193.0,SH
952331,GOLDMAN SACHS GROUP INC,886982,NY,Merck,588056101,164438.0,SH
952332,GOLDMAN SACHS GROUP INC,886982,NY,Merck,588056101,17245.0,SH
952333,GOLDMAN SACHS GROUP INC,886982,NY,Merck,58844R108,10275.0,SH
952334,GOLDMAN SACHS GROUP INC,886982,NY,Merck,58933Y105,2863941.0,SH
952335,GOLDMAN SACHS GROUP INC,886982,NY,Merck,58933Y105,225900.0,SH
952336,GOLDMAN SACHS GROUP INC,886982,NY,Merck,58933Y105,97500.0,SH
952337,GOLDMAN SACHS GROUP INC,886982,NY,Merck,58933Y105,7476465.0,SH
952338,GOLDMAN SACHS GROUP INC,886982,NY,Merck,58933Y105,3063.0,SH
952479,GOLDMAN SACHS GROUP INC,886982,NY,Moderna,60739U204,166853.0,SH
952480,GOLDMAN SACHS GROUP INC,886982,NY,Moderna,60739U204,355804.0,SH
952481,GOLDMAN SACHS GROUP INC,886982,NY,Moderna,607525102,40766.0,SH
952482,GOLDMAN SACHS GROUP INC,886982,NY,Moderna,607525102,11276.0,SH
952919,GOLDMAN SACHS GROUP INC,886982,NY,Novartis,66987E206,135156.0,SH
952920,GOLDMAN SACHS GROUP INC,886982,NY,Novartis,67000B104,12687.0,SH
952921,GOLDMAN SACHS GROUP INC,886982,NY,Novartis,67000B104,412331.0,SH
952922,GOLDMAN SACHS GROUP INC,886982,NY,Novartis,67000B104,3011.0,SH
952923,GOLDMAN SACHS GROUP INC,886982,NY,Novartis,66987V109,37529.0,SH
953390,GOLDMAN SACHS GROUP INC,886982,NY,Pfizer,71654V408,166971.0,SH
953391,GOLDMAN SACHS GROUP INC,886982,NY,Pfizer,71654V408,5150000.0,SH
953392,GOLDMAN SACHS GROUP INC,886982,NY,Pfizer,717071104,73465.0,SH
953393,GOLDMAN SACHS GROUP INC,886982,NY,Pfizer,717071104,48490.0,SH
953394,GOLDMAN SACHS GROUP INC,886982,NY,Pfizer,717081103,17392338.0,SH
953395,GOLDMAN SACHS GROUP INC,886982,NY,Pfizer,717081103,13170713.0,SH
954119,GOLDMAN SACHS GROUP INC,886982,NY,Sanofi,800677106,1278323.0,SH
954120,GOLDMAN SACHS GROUP INC,886982,NY,Sanofi,800677106,340888.0,SH
962707,CALIFORNIA PUBLIC EMPLOYEES RETIREMENT SYSTEM,919079,CA,Merck,58733R102,93653.0,SH
962761,CALIFORNIA PUBLIC EMPLOYEES RETIREMENT SYSTEM,919079,CA,Moderna,60740F105,97410.0,SH
963132,CALIFORNIA PUBLIC EMPLOYEES RETIREMENT SYSTEM,919079,CA,Pfizer,715347100,317399.0,SH
963520,CALIFORNIA PUBLIC EMPLOYEES RETIREMENT SYSTEM,919079,CA,Sinovac,829073105,98936.0,SH
981325,RENAISSANCE GROUP LLC,944234,KY,Merck,575385109,8033.0,SH
981338,RENAISSANCE GROUP LLC,944234,KY,Novartis,654445303,180414.0,SH
981361,RENAISSANCE GROUP LLC,944234,KY,Roche,74838J101,4264.0,SH
981819,BERKSHIRE ASSET MANAGEMENT LLC/PA,949012,PA,Merck,55261F104,173917.0,SH
981833,BERKSHIRE ASSET MANAGEMENT LLC/PA,949012,PA,Pfizer,69351T106,728430.0,SH
985385,RENAISSANCE TECHNOLOGIES LLC,1037389,NY,Astrazeneca,045528106,38800.0,SH
986394,RENAISSANCE TECHNOLOGIES LLC,1037389,NY,Glaxosmithkline,375916103,330000.0,SH
987092,RENAISSANCE TECHNOLOGIES LLC,1037389,NY,Merck,58733R102,83100.0,SH
987142,RENAISSANCE TECHNOLOGIES LLC,1037389,NY,Moderna,60687Y109,4529800.0,SH
987302,RENAISSANCE TECHNOLOGIES LLC,1037389,NY,Novartis,66987P201,265927.0,SH
987873,RENAISSANCE TECHNOLOGIES LLC,1037389,NY,Roche,829073105,244400.0,SH
987874,RENAISSANCE TECHNOLOGIES LLC,1037389,NY,Sinovac,829214105,262700.0,SH
997263,EATON VANCE MANAGEMENT,1076598,MA,Astrazeneca,N07059210,37536.0,SH
997659,EATON VANCE MANAGEMENT,1076598,MA,Glaxosmithkline,36168Q104,675300.0,SH
997930,EATON VANCE MANAGEMENT,1076598,MA,Merck,58155Q103,175694.0,SH
998016,EATON VANCE MANAGEMENT,1076598,MA,Novartis,665859104,135298.0,SH
998073,EATON VANCE MANAGEMENT,1076598,MA,Pfizer,713448108,4095882.0,SH
998166,EATON VANCE MANAGEMENT,1076598,MA,Sanofi,78573M104,157439.0,SH
1011968,RHUMBLINE ADVISERS,1115418,MA,Merck,586858102,143543.0,SH
1012019,RHUMBLINE ADVISERS,1115418,MA,Moderna,60740F105,82794.0,SH
1012334,RHUMBLINE ADVISERS,1115418,MA,Pfizer,71639T106,29564.0,SH
1021661,LAZARD ASSET MANAGEMENT LLC,1207017,NY,Merck,589378108,1997.0,SH
1021662,LAZARD ASSET MANAGEMENT LLC,1207017,NY,Merck,58733R102,9462.0,SH
1021663,LAZARD ASSET MANAGEMENT LLC,1207017,NY,Merck,58733R102,13279.0,SH
1021797,LAZARD ASSET MANAGEMENT LLC,1207017,NY,Novartis,668074305,917.0,SH
1021798,LAZARD ASSET MANAGEMENT LLC,1207017,NY,Novartis,668771108,159.0,SH
1021895,LAZARD ASSET MANAGEMENT LLC,1207017,NY,Pfizer,716382106,43619.0,SH
1021896,LAZARD ASSET MANAGEMENT LLC,1207017,NY,Pfizer,71654V408,578268.0,SH
1021897,LAZARD ASSET MANAGEMENT LLC,1207017,NY,Pfizer,71654V101,392162.0,SH
1021898,LAZARD ASSET MANAGEMENT LLC,1207017,NY,Pfizer,717071104,6550.0,SH
1022068,LAZARD ASSET MANAGEMENT LLC,1207017,NY,Sanofi,79466L302,1023436.0,SH
1072687,Neuberger Berman Group LLC,1465109,NY,Astrazeneca,04335A105,53000.0,SH
1072688,Neuberger Berman Group LLC,1465109,NY,Astrazeneca,043436104,1745006.0,SH
1073511,Neuberger Berman Group LLC,1465109,NY,Glaxosmithkline,37045V100,1475430.0,SH
1073512,Neuberger Berman Group LLC,1465109,NY,Glaxosmithkline,37045V100,27722.0,SH
1074045,Neuberger Berman Group LLC,1465109,NY,Merck,579780206,26834.0,SH
1074046,Neuberger Berman Group LLC,1465109,NY,Merck,579780206,2126.0,SH
1074080,Neuberger Berman Group LLC,1465109,NY,Moderna,594918104,641777.0,SH
1074191,Neuberger Berman Group LLC,1465109,NY,Novartis,655663102,1035688.0,SH
1074192,Neuberger Berman Group LLC,1465109,NY,Novartis,655663102,7291.0,SH
1074317,Neuberger Berman Group LLC,1465109,NY,Pfizer,706327103,1394842.0,SH
1074318,Neuberger Berman Group LLC,1465109,NY,Pfizer,706327103,53582.0,SH
1074518,Neuberger Berman Group LLC,1465109,NY,Sanofi,783549108,228880.0,SH
1074519,Neuberger Berman Group LLC,1465109,NY,Sanofi,783549108,14385.0,SH
1153647,DODGE & COX,200217,CA,Astrazeneca,020002101,3685.0,SH
1153717,DODGE & COX,200217,CA,Glaxosmithkline,532457108,170622.0,SH
1153750,DODGE & COX,200217,CA,Merck,G51502105,92532992.0,SH
1153765,DODGE & COX,200217,CA,Novartis,58933Y105,345979.0,SH
1153774,DODGE & COX,200217,CA,Pfizer,637071101,24862742.0,SH
1153787,DODGE & COX,200217,CA,Sanofi,70450Y103,40071.0,SH
1155142,FMR LLC,315066,MA,Astrazeneca,045327103,169800.0,SH
1155143,FMR LLC,315066,MA,Astrazeneca,045327103,60301.0,SH
1155144,FMR LLC,315066,MA,Astrazeneca,045396108,322033.0,SH
1155145,FMR LLC,315066,MA,Astrazeneca,045396108,12.0,SH
1155146,FMR LLC,315066,MA,Astrazeneca,04546C106,1000.0,SH
1155147,FMR LLC,315066,MA,Astrazeneca,04546L106,126147.0,SH
1157787,FMR LLC,315066,MA,Glaxosmithkline,374689107,75081.0,SH
1157788,FMR LLC,315066,MA,Glaxosmithkline,375916103,8070722.0,SH
1157789,FMR LLC,315066,MA,Glaxosmithkline,375916103,44.0,SH
1157790,FMR LLC,315066,MA,Glaxosmithkline,375558103,11506545.0,SH
1157791,FMR LLC,315066,MA,Glaxosmithkline,375558103,797844.0,SH
1159873,FMR LLC,315066,MA,Merck,58513U101,1500.0,SH
1159874,FMR LLC,315066,MA,Merck,58513U101,1419.0,SH
1159875,FMR LLC,315066,MA,Merck,585464100,866995.0,SH
1159876,FMR LLC,315066,MA,Merck,585464100,16338.0,SH
1159996,FMR LLC,315066,MA,Moderna,60468T105,144970.0,SH
1159997,FMR LLC,315066,MA,Moderna,60468T105,22251.0,SH
1159998,FMR LLC,315066,MA,Moderna,604749101,235000.0,SH
1159999,FMR LLC,315066,MA,Moderna,606710200,138.0,SH
1160406,FMR LLC,315066,MA,Novartis,667340103,266.0,SH
1160407,FMR LLC,315066,MA,Novartis,66765N105,234.0,SH
1160408,FMR LLC,315066,MA,Novartis,66765N105,149236.0,SH
1160409,FMR LLC,315066,MA,Novartis,66765N105,22735.0,SH
1160833,FMR LLC,315066,MA,Pfizer,G97822103,3800.0,SH
1160834,FMR LLC,315066,MA,Pfizer,715347100,2866763.0,SH
1160835,FMR LLC,315066,MA,Pfizer,715347100,88000.0,SH
1160836,FMR LLC,315066,MA,Pfizer,715347100,9151.0,SH
1161520,FMR LLC,315066,MA,Sanofi,79546E104,15891333.0,SH
1161521,FMR LLC,315066,MA,Sanofi,79546E104,243.0,SH
1161522,FMR LLC,315066,MA,Sanofi,79546E104,1039000.0,SH
1169929,FRANKLIN RESOURCES INC,38777,CA,Astrazeneca,04351P101,692943.0,SH
1169930,FRANKLIN RESOURCES INC,38777,CA,Astrazeneca,044186104,3912.0,SH
1169931,FRANKLIN RESOURCES INC,38777,CA,Astrazeneca,044186104,233.0,SH
1169932,FRANKLIN RESOURCES INC,38777,CA,Astrazeneca,044186104,18.0,SH
1169933,FRANKLIN RESOURCES INC,38777,CA,Astrazeneca,N07059210,8154.0,SH
1171428,FRANKLIN RESOURCES INC,38777,CA,Glaxosmithkline,373865104,384.0,SH
1171429,FRANKLIN RESOURCES INC,38777,CA,Glaxosmithkline,373865104,684791.0,SH
1171430,FRANKLIN RESOURCES INC,38777,CA,Glaxosmithkline,374689107,1080111.0,SH
1171431,FRANKLIN RESOURCES INC,38777,CA,Glaxosmithkline,375916103,450.0,SH
1172511,FRANKLIN RESOURCES INC,38777,CA,Merck,G5960L103,76311.0,SH
1172512,FRANKLIN RESOURCES INC,38777,CA,Merck,G5960L103,372862.0,SH
1172513,FRANKLIN RESOURCES INC,38777,CA,Merck,G5960L103,1825039.0,SH
1172514,FRANKLIN RESOURCES INC,38777,CA,Merck,G5960L103,238602.0,SH
1172515,FRANKLIN RESOURCES INC,38777,CA,Merck,G5960L103,4674.0,SH
1172516,FRANKLIN RESOURCES INC,38777,CA,Merck,586858102,6756756.0,SH
1172517,FRANKLIN RESOURCES INC,38777,CA,Merck,58733R102,52207.0,SH
1172518,FRANKLIN RESOURCES INC,38777,CA,Merck,58733R102,255896.0,SH
1172519,FRANKLIN RESOURCES INC,38777,CA,Merck,58733R102,450.0,SH
1172520,FRANKLIN RESOURCES INC,38777,CA,Merck,58733R102,183783.0,SH
1172755,FRANKLIN RESOURCES INC,38777,CA,Novartis,666807102,1945.0,SH
1172756,FRANKLIN RESOURCES INC,38777,CA,Novartis,666807102,7280.0,SH
1172757,FRANKLIN RESOURCES INC,38777,CA,Novartis,666807102,2442.0,SH
1172758,FRANKLIN RESOURCES INC,38777,CA,Novartis,666807102,90.0,SH
1172759,FRANKLIN RESOURCES INC,38777,CA,Novartis,667746101,70100.0,SH
1172965,FRANKLIN RESOURCES INC,38777,CA,Pfizer,713448108,122792.0,SH
1172966,FRANKLIN RESOURCES INC,38777,CA,Pfizer,713448108,7790.0,SH
1172967,FRANKLIN RESOURCES INC,38777,CA,Pfizer,713448108,18550.0,SH
1172968,FRANKLIN RESOURCES INC,38777,CA,Pfizer,713448108,319154.0,SH
1172969,FRANKLIN RESOURCES INC,38777,CA,Pfizer,713448108,2561.0,SH
1172970,FRANKLIN RESOURCES INC,38777,CA,Pfizer,714046109,4200.0,SH
1172971,FRANKLIN RESOURCES INC,38777,CA,Pfizer,714046109,309.0,SH
1172973,FRANKLIN RESOURCES INC,38777,CA,Pfizer,G97822103,1884353.0,SH
1172974,FRANKLIN RESOURCES INC,38777,CA,Pfizer,G97822103,1350.0,SH
1173316,FRANKLIN RESOURCES INC,38777,CA,Sanofi,78409V104,24.0,SH
1173317,FRANKLIN RESOURCES INC,38777,CA,Sanofi,78409V104,4564.0,SH
1173318,FRANKLIN RESOURCES INC,38777,CA,Sanofi,78409V104,3399.0,SH
1173319,FRANKLIN RESOURCES INC,38777,CA,Sanofi,78667J108,79.0,SH
1173320,FRANKLIN RESOURCES INC,38777,CA,Sanofi,78667J108,238600.0,SH
1174475,Ally Financial Inc.,40729,MI,Bayer,98986T108,3402515.0,SH
1174529,Ally Financial Inc.,40729,MI,Merck,438516106,40000.0,SH
1174540,Ally Financial Inc.,40729,MI,Pfizer,57636Q104,18000.0,SH
1177010,WELLS FARGO & COMPANY/MN,72971,CA,Astrazeneca,04621X108,21454.0,SH
1177011,WELLS FARGO & COMPANY/MN,72971,CA,Astrazeneca,04621X108,22995.0,SH
1177012,WELLS FARGO & COMPANY/MN,72971,CA,Astrazeneca,04621X108,43459.0,SH
1177013,WELLS FARGO & COMPANY/MN,72971,CA,Astrazeneca,04621X108,11814.0,SH
1177014,WELLS FARGO & COMPANY/MN,72971,CA,Astrazeneca,04621X207,650.0,SH
1177015,WELLS FARGO & COMPANY/MN,72971,CA,Astrazeneca,04621X207,50294.0,SH
1177016,WELLS FARGO & COMPANY/MN,72971,CA,Astrazeneca,G0585R106,157047.0,SH
1177017,WELLS FARGO & COMPANY/MN,72971,CA,Astrazeneca,G0585R106,28786.0,SH
1183137,WELLS FARGO & COMPANY/MN,72971,CA,Glaxosmithkline,376546107,7602.0,SH
1183138,WELLS FARGO & COMPANY/MN,72971,CA,Glaxosmithkline,376546107,22100.0,SH
1183139,WELLS FARGO & COMPANY/MN,72971,CA,Glaxosmithkline,376549101,14906.0,SH
1183140,WELLS FARGO & COMPANY/MN,72971,CA,Glaxosmithkline,376549101,39101.0,SH
1183141,WELLS FARGO & COMPANY/MN,72971,CA,Glaxosmithkline,376549101,134702.0,SH
1187776,WELLS FARGO & COMPANY/MN,72971,CA,Merck,58733R102,3279.0,SH
1187777,WELLS FARGO & COMPANY/MN,72971,CA,Merck,58733R102,26539.0,SH
1187778,WELLS FARGO & COMPANY/MN,72971,CA,Merck,58733R102,163.0,SH
1187779,WELLS FARGO & COMPANY/MN,72971,CA,Merck,58733RAD4,10309000.0,PRN
1187780,WELLS FARGO & COMPANY/MN,72971,CA,Merck,587376104,32210.0,SH
1187781,WELLS FARGO & COMPANY/MN,72971,CA,Merck,587376104,30218.0,SH
1187782,WELLS FARGO & COMPANY/MN,72971,CA,Merck,587376104,40.0,SH
1187783,WELLS FARGO & COMPANY/MN,72971,CA,Merck,587376104,1754.0,SH
1187784,WELLS FARGO & COMPANY/MN,72971,CA,Merck,587376104,49791.0,SH
1187785,WELLS FARGO & COMPANY/MN,72971,CA,Merck,588056101,2390.0,SH
1188090,WELLS FARGO & COMPANY/MN,72971,CA,Moderna,55315D105,2266.0,SH
1188091,WELLS FARGO & COMPANY/MN,72971,CA,Moderna,55315D105,266.0,SH
1188092,WELLS FARGO & COMPANY/MN,72971,CA,Moderna,60740F105,34735.0,SH
1188093,WELLS FARGO & COMPANY/MN,72971,CA,Moderna,60740F105,84208.0,SH
1188977,WELLS FARGO & COMPANY/MN,72971,CA,Novartis,M7516K103,500.0,SH
1188978,WELLS FARGO & COMPANY/MN,72971,CA,Novartis,66987P201,75.0,SH
1188979,WELLS FARGO & COMPANY/MN,72971,CA,Novartis,66987P201,7353.0,SH
1188980,WELLS FARGO & COMPANY/MN,72971,CA,Novartis,66987E206,272246.0,SH
1188981,WELLS FARGO & COMPANY/MN,72971,CA,Novartis,66987E206,239467.0,SH
1190098,WELLS FARGO & COMPANY/MN,72971,CA,Pfizer,716382106,137577.0,SH
1190099,WELLS FARGO & COMPANY/MN,72971,CA,Pfizer,716382106,34296.0,SH
1190100,WELLS FARGO & COMPANY/MN,72971,CA,Pfizer,716382106,20411.0,SH
1190101,WELLS FARGO & COMPANY/MN,72971,CA,Pfizer,716382106,59146.0,SH
1190102,WELLS FARGO & COMPANY/MN,72971,CA,Pfizer,71646E100,1316.0,SH
1190103,WELLS FARGO & COMPANY/MN,72971,CA,Pfizer,71654V101,1235326.0,SH
1190104,WELLS FARGO & COMPANY/MN,72971,CA,Pfizer,71654V101,1620.0,SH
1190105,WELLS FARGO & COMPANY/MN,72971,CA,Pfizer,71654V101,4800.0,SH
1190106,WELLS FARGO & COMPANY/MN,72971,CA,Pfizer,71654V101,1741.0,SH
1190107,WELLS FARGO & COMPANY/MN,72971,CA,Pfizer,71654V408,50.0,SH
1190108,WELLS FARGO & COMPANY/MN,72971,CA,Pfizer,71654V408,4999.0,SH
1191688,WELLS FARGO & COMPANY/MN,72971,CA,Sanofi,800363103,85155.0,SH
1191689,WELLS FARGO & COMPANY/MN,72971,CA,Sanofi,800363103,24550.0,SH
1191690,WELLS FARGO & COMPANY/MN,72971,CA,Sanofi,800422107,53367.0,SH
1191691,WELLS FARGO & COMPANY/MN,72971,CA,Sanofi,800422107,16450.0,SH
1191692,WELLS FARGO & COMPANY/MN,72971,CA,Sanofi,800422107,2521.0,SH
1192278,WELLS FARGO & COMPANY/MN,72971,CA,Roche,829073105,432278.0,SH
1192279,WELLS FARGO & COMPANY/MN,72971,CA,Roche,829214105,76345.0,SH
1192280,WELLS FARGO & COMPANY/MN,72971,CA,Sinovac,829214105,21103.0,SH
1213228,PRIMECAP MANAGEMENT CO/CA/,763212,CA,Astrazeneca,025816109,18800.0,SH
1213322,PRIMECAP MANAGEMENT CO/CA/,763212,CA,Glaxosmithkline,30063p105,1306100.0,SH
1213377,PRIMECAP MANAGEMENT CO/CA/,763212,CA,Merck,55826T102,55006.0,SH
1213398,PRIMECAP MANAGEMENT CO/CA/,763212,CA,Novartis,60877T100,358840.0,SH
1213441,PRIMECAP MANAGEMENT CO/CA/,763212,CA,Sanofi,N72482123,13133386.0,SH
1234100,PARAMETRIC PORTFOLIO ASSOCIATES LLC,932859,WA,Astrazeneca,N07059210,453116.0,SH
1234212,PARAMETRIC PORTFOLIO ASSOCIATES LLC,932859,WA,Bayer,066460304,73918.0,SH
1234213,PARAMETRIC PORTFOLIO ASSOCIATES LLC,932859,WA,Bayer,06652K103,752417.0,SH
1235272,PARAMETRIC PORTFOLIO ASSOCIATES LLC,932859,WA,Glaxosmithkline,373737105,919922.0,SH
1236047,PARAMETRIC PORTFOLIO ASSOCIATES LLC,932859,WA,Merck,58502B106,649653.0,SH
1236048,PARAMETRIC PORTFOLIO ASSOCIATES LLC,932859,WA,Merck,58506Q109,71870.0,SH
1236110,PARAMETRIC PORTFOLIO ASSOCIATES LLC,932859,WA,Moderna,606710200,18256.0,SH
1236300,PARAMETRIC PORTFOLIO ASSOCIATES LLC,932859,WA,Novartis,655844108,811879.0,SH
1236505,PARAMETRIC PORTFOLIO ASSOCIATES LLC,932859,WA,Pfizer,71377A103,139922.0,SH
1236744,PARAMETRIC PORTFOLIO ASSOCIATES LLC,932859,WA,Roche,766559603,116172.0,SH
1236745,PARAMETRIC PORTFOLIO ASSOCIATES LLC,932859,WA,Roche,76657Y101,60532.0,SH
1236808,PARAMETRIC PORTFOLIO ASSOCIATES LLC,932859,WA,Sanofi,78709Y105,75208.0,SH
1236927,PARAMETRIC PORTFOLIO ASSOCIATES LLC,932859,WA,Roche,827048109,692965.0,SH
1239962,DEUTSCHE BANK AG\,948046,2M,Astrazeneca,04621X108,5635.0,SH
1239963,DEUTSCHE BANK AG\,948046,2M,Astrazeneca,04621X108,21698.0,SH
1239964,DEUTSCHE BANK AG\,948046,2M,Astrazeneca,04621X108,68180.0,SH
1239965,DEUTSCHE BANK AG\,948046,2M,Astrazeneca,04621X108,11455.0,SH
1245416,DEUTSCHE BANK AG\,948046,2M,Glaxosmithkline,37637Q105,44917.0,SH
1245417,DEUTSCHE BANK AG\,948046,2M,Glaxosmithkline,37637Q105,5010.0,SH
1245418,DEUTSCHE BANK AG\,948046,2M,Glaxosmithkline,376536108,337.0,SH
1245419,DEUTSCHE BANK AG\,948046,2M,Glaxosmithkline,376536108,15487.0,SH
1245420,DEUTSCHE BANK AG\,948046,2M,Glaxosmithkline,376536108,18.0,SH
1245421,DEUTSCHE BANK AG\,948046,2M,Glaxosmithkline,376549101,579.0,SH
1245422,DEUTSCHE BANK AG\,948046,2M,Glaxosmithkline,376549101,56745.0,SH
1245423,DEUTSCHE BANK AG\,948046,2M,Glaxosmithkline,376549101,8732.0,SH
1249066,DEUTSCHE BANK AG\,948046,2M,Merck,58733R102,7879.0,SH
1249067,DEUTSCHE BANK AG\,948046,2M,Merck,58733R102,115465.0,SH
1249068,DEUTSCHE BANK AG\,948046,2M,Merck,58733R102,7332.0,SH
1249069,DEUTSCHE BANK AG\,948046,2M,Merck,58733R102,12424.0,SH
1249070,DEUTSCHE BANK AG\,948046,2M,Merck,58733R102,680.0,SH
1249071,DEUTSCHE BANK AG\,948046,2M,Merck,58733R102,89765.0,SH
1249072,DEUTSCHE BANK AG\,948046,2M,Merck,58733R102,451.0,SH
1249073,DEUTSCHE BANK AG\,948046,2M,Merck,58733RAD4,450000.0,PRN
1249074,DEUTSCHE BANK AG\,948046,2M,Merck,58733RAD4,736000.0,PRN
1249075,DEUTSCHE BANK AG\,948046,2M,Merck,587376104,7229.0,SH
1249076,DEUTSCHE BANK AG\,948046,2M,Merck,587376104,4386.0,SH
1249077,DEUTSCHE BANK AG\,948046,2M,Merck,587376104,14.0,SH
1249078,DEUTSCHE BANK AG\,948046,2M,Merck,588056101,69800.0,SH
1249079,DEUTSCHE BANK AG\,948046,2M,Merck,58844R108,4017.0,SH
1249080,DEUTSCHE BANK AG\,948046,2M,Merck,58844R108,2612.0,SH
1249081,DEUTSCHE BANK AG\,948046,2M,Merck,58933Y105,205634.0,SH
1249082,DEUTSCHE BANK AG\,948046,2M,Merck,58933Y105,66960.0,SH
1249083,DEUTSCHE BANK AG\,948046,2M,Merck,58933Y105,10583.0,SH
1249084,DEUTSCHE BANK AG\,948046,2M,Merck,58933Y105,14279207.0,SH
1249085,DEUTSCHE BANK AG\,948046,2M,Merck,58933Y105,1905786.0,SH
1249086,DEUTSCHE BANK AG\,948046,2M,Merck,58933Y105,8594.0,SH
1249087,DEUTSCHE BANK AG\,948046,2M,Merck,58933Y105,25756.0,SH
1249343,DEUTSCHE BANK AG\,948046,2M,Moderna,60740F105,20267.0,SH
1249344,DEUTSCHE BANK AG\,948046,2M,Moderna,60740F105,2631.0,SH
1249345,DEUTSCHE BANK AG\,948046,2M,Moderna,607409109,1953289.0,SH
1249346,DEUTSCHE BANK AG\,948046,2M,Moderna,607409109,64329.0,SH
1249347,DEUTSCHE BANK AG\,948046,2M,Moderna,607409109,1902824.0,SH
1250152,DEUTSCHE BANK AG\,948046,2M,Novartis,G66721104,70660.0,SH
1250153,DEUTSCHE BANK AG\,948046,2M,Novartis,G66721104,1711.0,SH
1250154,DEUTSCHE BANK AG\,948046,2M,Novartis,G66721104,14042.0,SH
1250155,DEUTSCHE BANK AG\,948046,2M,Novartis,G66721104,8920.0,SH
1250156,DEUTSCHE BANK AG\,948046,2M,Novartis,G66721104,1097.0,SH
1251015,DEUTSCHE BANK AG\,948046,2M,Pfizer,71639T106,51369.0,SH
1251016,DEUTSCHE BANK AG\,948046,2M,Pfizer,716382106,25200.0,SH
1251017,DEUTSCHE BANK AG\,948046,2M,Pfizer,716382106,900.0,SH
1251018,DEUTSCHE BANK AG\,948046,2M,Pfizer,716382106,8999.0,SH
1251019,DEUTSCHE BANK AG\,948046,2M,Pfizer,716382106,1733.0,SH
1251020,DEUTSCHE BANK AG\,948046,2M,Pfizer,71646E100,4500.0,SH
1251021,DEUTSCHE BANK AG\,948046,2M,Pfizer,71646E100,27802.0,SH
1251022,DEUTSCHE BANK AG\,948046,2M,Pfizer,71646E100,16000.0,SH
1251023,DEUTSCHE BANK AG\,948046,2M,Pfizer,71654V408,463995.0,SH
1251024,DEUTSCHE BANK AG\,948046,2M,Pfizer,71654V408,47745.0,SH
1251025,DEUTSCHE BANK AG\,948046,2M,Pfizer,71654V408,76503.0,SH
1251026,DEUTSCHE BANK AG\,948046,2M,Pfizer,71654V408,891400.0,SH
1251027,DEUTSCHE BANK AG\,948046,2M,Pfizer,71654V408,33524.0,SH
1251028,DEUTSCHE BANK AG\,948046,2M,Pfizer,717071104,1701.0,SH
1251029,DEUTSCHE BANK AG\,948046,2M,Pfizer,717071104,15869.0,SH
1251030,DEUTSCHE BANK AG\,948046,2M,Pfizer,717081103,480736.0,SH
1251031,DEUTSCHE BANK AG\,948046,2M,Pfizer,717081103,122843.0,SH
1251032,DEUTSCHE BANK AG\,948046,2M,Pfizer,717081103,1463.0,SH
1251033,DEUTSCHE BANK AG\,948046,2M,Pfizer,717081103,27917101.0,SH
1251034,DEUTSCHE BANK AG\,948046,2M,Pfizer,717081103,4205096.0,SH
1251035,DEUTSCHE BANK AG\,948046,2M,Pfizer,717081103,13872.0,SH
1252390,DEUTSCHE BANK AG\,948046,2M,Sanofi,80013R206,14726.0,SH
1252391,DEUTSCHE BANK AG\,948046,2M,Sanofi,800363103,21206.0,SH
1252392,DEUTSCHE BANK AG\,948046,2M,Sanofi,800363103,2888.0,SH
1252839,DEUTSCHE BANK AG\,948046,2M,Roche,829073105,12717.0,SH
1314906,ORBIMED ADVISORS LLC,1055951,NY,Merck,45258J102,354575.0,SH
1314932,ORBIMED ADVISORS LLC,1055951,NY,Sinovac,68622P109,2921967.0,SH
1360532,MILLENNIUM MANAGEMENT LLC,1273087,NY,Astrazeneca,00215W100,1842146.0,SH
1361773,MILLENNIUM MANAGEMENT LLC,1273087,NY,Glaxosmithkline,36162J106,19137.0,SH
1361774,MILLENNIUM MANAGEMENT LLC,1273087,NY,Glaxosmithkline,G38327105,317358.0,SH
1362610,MILLENNIUM MANAGEMENT LLC,1273087,NY,Merck,G5960L103,91200.0,SH
1362611,MILLENNIUM MANAGEMENT LLC,1273087,NY,Merck,G5960L103,242000.0,SH
1362612,MILLENNIUM MANAGEMENT LLC,1273087,NY,Merck,G5960L103,605024.0,SH
1362674,MILLENNIUM MANAGEMENT LLC,1273087,NY,Moderna,59935P209,22552.0,SH
1362863,MILLENNIUM MANAGEMENT LLC,1273087,NY,Novartis,655844108,52200.0,SH
1363058,MILLENNIUM MANAGEMENT LLC,1273087,NY,Pfizer,71377A103,2046144.0,SH
1363059,MILLENNIUM MANAGEMENT LLC,1273087,NY,Pfizer,71377E105,14554.0,SH
1363060,MILLENNIUM MANAGEMENT LLC,1273087,NY,Pfizer,714046109,9958.0,SH
1363367,MILLENNIUM MANAGEMENT LLC,1273087,NY,Sanofi,Y7388L103,110642.0,SH
1364398,JANUS HENDERSON GROUP PLC,1274173,X0,Moderna,91347P105,15137.0,SH
1364451,JANUS HENDERSON GROUP PLC,1274173,X0,Merck,668074305,332774.0,SH
1364962,JANUS HENDERSON GROUP PLC,1274173,X0,Sanofi,410345102,63116.0,SH
1365139,JANUS HENDERSON GROUP PLC,1274173,X0,Novartis,95058W100,3834005.0,SH
1365315,JANUS HENDERSON GROUP PLC,1274173,X0,Pfizer,26614N102,365493.0,SH
1365356,JANUS HENDERSON GROUP PLC,1274173,X0,Astrazeneca,74736K101,468495.0,SH
1388218,BlackRock Inc.,1364742,NY,Astrazeneca,G0585R106,10454.0,SH
1388219,BlackRock Inc.,1364742,NY,Astrazeneca,046220109,448.0,SH
1388220,BlackRock Inc.,1364742,NY,Astrazeneca,046220109,12256.0,SH
1388221,BlackRock Inc.,1364742,NY,Astrazeneca,046220109,148141.0,SH
1388222,BlackRock Inc.,1364742,NY,Astrazeneca,046224101,26652.0,SH
1401507,BlackRock Inc.,1364742,NY,Glaxosmithkline,377316104,68450.0,SH
1401508,BlackRock Inc.,1364742,NY,Glaxosmithkline,377316104,5010.0,SH
1401509,BlackRock Inc.,1364742,NY,Glaxosmithkline,377322102,27778.0,SH
1410465,BlackRock Inc.,1364742,NY,Merck,588056101,3106195.0,SH
1410466,BlackRock Inc.,1364742,NY,Merck,588056101,818369.0,SH
1410467,BlackRock Inc.,1364742,NY,Merck,588056101,15741.0,SH
1410468,BlackRock Inc.,1364742,NY,Merck,588056101,4145.0,SH
1410469,BlackRock Inc.,1364742,NY,Merck,588056101,63112.0,SH
1410470,BlackRock Inc.,1364742,NY,Merck,588056101,5053.0,SH
1410471,BlackRock Inc.,1364742,NY,Merck,58844R108,15915.0,SH
1410472,BlackRock Inc.,1364742,NY,Merck,58844R108,326.0,SH
1410473,BlackRock Inc.,1364742,NY,Merck,58844R108,33499.0,SH
1410474,BlackRock Inc.,1364742,NY,Merck,58844R108,56686.0,SH
1410475,BlackRock Inc.,1364742,NY,Merck,58844R108,329506.0,SH
1410476,BlackRock Inc.,1364742,NY,Merck,58844R108,463599.0,SH
1410477,BlackRock Inc.,1364742,NY,Merck,58844R108,6416.0,SH
1410478,BlackRock Inc.,1364742,NY,Merck,58844R108,22363.0,SH
1410479,BlackRock Inc.,1364742,NY,Merck,58844R108,1824.0,SH
1410480,BlackRock Inc.,1364742,NY,Merck,58933Y105,7017247.0,SH
1410481,BlackRock Inc.,1364742,NY,Merck,58933Y105,1204320.0,SH
1410482,BlackRock Inc.,1364742,NY,Merck,58933Y105,2562528.0,SH
1410483,BlackRock Inc.,1364742,NY,Merck,58933Y105,172867.0,SH
1410484,BlackRock Inc.,1364742,NY,Merck,58933Y105,310988.0,SH
1410485,BlackRock Inc.,1364742,NY,Merck,58933Y105,8161397.0,SH
1411172,BlackRock Inc.,1364742,NY,Moderna,60739U204,6152.0,SH
1411173,BlackRock Inc.,1364742,NY,Moderna,60739U204,3100.0,SH
1411174,BlackRock Inc.,1364742,NY,Moderna,60739U204,2884.0,SH
1411175,BlackRock Inc.,1364742,NY,Moderna,60739U204,3042.0,SH
1411176,BlackRock Inc.,1364742,NY,Moderna,607525102,19883.0,SH
1411177,BlackRock Inc.,1364742,NY,Moderna,607525102,608.0,SH
1411178,BlackRock Inc.,1364742,NY,Moderna,607525102,151182.0,SH
1411179,BlackRock Inc.,1364742,NY,Moderna,607525102,160766.0,SH
1411180,BlackRock Inc.,1364742,NY,Moderna,607525102,1176650.0,SH
1411181,BlackRock Inc.,1364742,NY,Moderna,607525102,1009375.0,SH
1411182,BlackRock Inc.,1364742,NY,Moderna,607525102,9369.0,SH
1411183,BlackRock Inc.,1364742,NY,Moderna,607525102,53404.0,SH
1411184,BlackRock Inc.,1364742,NY,Moderna,607525102,9329.0,SH
1411185,BlackRock Inc.,1364742,NY,Moderna,607525102,7018.0,SH
1411186,BlackRock Inc.,1364742,NY,Moderna,607525102,3361.0,SH
1411187,BlackRock Inc.,1364742,NY,Moderna,60770K107,815117.0,SH
1411188,BlackRock Inc.,1364742,NY,Moderna,60770K107,135902.0,SH
1411189,BlackRock Inc.,1364742,NY,Moderna,60770K107,25483.0,SH
1411190,BlackRock Inc.,1364742,NY,Moderna,60770K107,8908.0,SH
1413281,BlackRock Inc.,1364742,NY,Novartis,66988N106,15020.0,SH
1413282,BlackRock Inc.,1364742,NY,Novartis,66988N106,371984.0,SH
1413283,BlackRock Inc.,1364742,NY,Novartis,67000B104,22312.0,SH
1413284,BlackRock Inc.,1364742,NY,Novartis,67000B104,162.0,SH
1415543,BlackRock Inc.,1364742,NY,Pfizer,71654V408,1416432.0,SH
1415544,BlackRock Inc.,1364742,NY,Pfizer,71654V408,4850816.0,SH
1415545,BlackRock Inc.,1364742,NY,Pfizer,71654V408,4957726.0,SH
1415546,BlackRock Inc.,1364742,NY,Pfizer,71654V408,5252523.0,SH
1415547,BlackRock Inc.,1364742,NY,Pfizer,71654V408,42803.0,SH
1415548,BlackRock Inc.,1364742,NY,Pfizer,71654V408,665292.0,SH
1415549,BlackRock Inc.,1364742,NY,Pfizer,71654V408,281939.0,SH
1415550,BlackRock Inc.,1364742,NY,Pfizer,71654V408,1592981.0,SH
1415551,BlackRock Inc.,1364742,NY,Pfizer,71654V408,9666053.0,SH
1415552,BlackRock Inc.,1364742,NY,Pfizer,717071104,13066.0,SH
1415553,BlackRock Inc.,1364742,NY,Pfizer,717071104,738.0,SH
1415554,BlackRock Inc.,1364742,NY,Pfizer,717071104,143307.0,SH
1415555,BlackRock Inc.,1364742,NY,Pfizer,717071104,66380.0,SH
1415556,BlackRock Inc.,1364742,NY,Pfizer,717071104,1156683.0,SH
1415557,BlackRock Inc.,1364742,NY,Pfizer,717071104,910974.0,SH
1415558,BlackRock Inc.,1364742,NY,Pfizer,717081103,15751755.0,SH
1415559,BlackRock Inc.,1364742,NY,Pfizer,717081103,2595233.0,SH
1415560,BlackRock Inc.,1364742,NY,Pfizer,717081103,5897504.0,SH
1415561,BlackRock Inc.,1364742,NY,Pfizer,717081103,165166.0,SH
1415562,BlackRock Inc.,1364742,NY,Pfizer,717081103,677219.0,SH
1415563,BlackRock Inc.,1364742,NY,Pfizer,717081103,656.0,SH
1415564,BlackRock Inc.,1364742,NY,Pfizer,717081103,23227219.0,SH
1415565,BlackRock Inc.,1364742,NY,Pfizer,717081103,17844340.0,SH
1419071,BlackRock Inc.,1364742,NY,Sanofi,801056102,80613.0,SH
1419072,BlackRock Inc.,1364742,NY,Sanofi,801056102,208.0,SH
1419073,BlackRock Inc.,1364742,NY,Sanofi,801056102,2308.0,SH
1419074,BlackRock Inc.,1364742,NY,Sanofi,801056102,15.0,SH
1419075,BlackRock Inc.,1364742,NY,Sanofi,801056102,332349.0,SH
1419076,BlackRock Inc.,1364742,NY,Sanofi,801056102,224172.0,SH
1419077,BlackRock Inc.,1364742,NY,Sanofi,801056102,7475907.0,SH
1419078,BlackRock Inc.,1364742,NY,Sanofi,801056102,2250513.0,SH
1419079,BlackRock Inc.,1364742,NY,Sanofi,801056102,17258.0,SH
1419080,BlackRock Inc.,1364742,NY,Sanofi,801056102,80229.0,SH
1420290,BlackRock Inc.,1364742,NY,Roche,G81477104,4075.0,SH
1429422,Clal Insurance Enterprises Holdings Ltd,1376192,L3,Sanofi,M7516K103,397211.0,SH
1438044,Laurion Capital Management LP,1390202,NY,Pfizer,91324P102,270900.0,SH
1438111,Laurion Capital Management LP,1390202,NY,Merck,G5960L103,331900.0,SH
1438355,Laurion Capital Management LP,1390202,NY,Pfizer,92827P102,11099.0,SH
1438424,Laurion Capital Management LP,1390202,NY,Merck,292765104,22589.0,SH
1438524,Laurion Capital Management LP,1390202,NY,Pfizer,539830109,23445.0,SH
1443618,Capital Research Global Investors,1422848,CA,Glaxosmithkline,337738108,536700.0,SH
1443686,Capital Research Global Investors,1422848,CA,Merck,55825T103,215935.0,SH
1443706,Capital Research Global Investors,1422848,CA,Novartis,609207105,384000.0,SH
1443731,Capital Research Global Investors,1422848,CA,Pfizer,68902V107,7700502.0,SH
1443906,Capital World Investors,1422849,CA,Astrazeneca,03027X100,9736007.0,SH
1444064,Capital World Investors,1422849,CA,Glaxosmithkline,339750101,10816839.0,SH
1444148,Capital World Investors,1422849,CA,Merck,539830109,16595630.0,SH
1444179,Capital World Investors,1422849,CA,Novartis,63938C108,750000.0,SH
1444205,Capital World Investors,1422849,CA,Pfizer,69355F102,786282.0,SH
1445401,CITADEL ADVISORS LLC,1423053,IL,Astrazeneca,04546L106,732.0,SH
1445402,CITADEL ADVISORS LLC,1423053,IL,Astrazeneca,04546L106,14398.0,SH
1445403,CITADEL ADVISORS LLC,1423053,IL,Astrazeneca,045487105,297929.0,SH
1445404,CITADEL ADVISORS LLC,1423053,IL,Astrazeneca,045487105,338843.0,SH
1448850,CITADEL ADVISORS LLC,1423053,IL,Glaxosmithkline,376535100,66800.0,SH
1448851,CITADEL ADVISORS LLC,1423053,IL,Glaxosmithkline,376536108,45718.0,SH
1448852,CITADEL ADVISORS LLC,1423053,IL,Glaxosmithkline,376536108,41571.0,SH
1448853,CITADEL ADVISORS LLC,1423053,IL,Glaxosmithkline,376536108,42700.0,SH
1451437,CITADEL ADVISORS LLC,1423053,IL,Merck,585464100,3045736.0,SH
1451438,CITADEL ADVISORS LLC,1423053,IL,Merck,585464100,345214.0,SH
1451439,CITADEL ADVISORS LLC,1423053,IL,Merck,585464100,247100.0,SH
1451440,CITADEL ADVISORS LLC,1423053,IL,Merck,585464100,538100.0,SH
1451608,CITADEL ADVISORS LLC,1423053,IL,Moderna,606822104,14268.0,SH
1451609,CITADEL ADVISORS LLC,1423053,IL,Moderna,60687Y109,130558.0,SH
1451610,CITADEL ADVISORS LLC,1423053,IL,Moderna,55306N104,35913.0,SH
1451611,CITADEL ADVISORS LLC,1423053,IL,Moderna,55306N104,52090.0,SH
1452107,CITADEL ADVISORS LLC,1423053,IL,Novartis,668771108,242100.0,SH
1452108,CITADEL ADVISORS LLC,1423053,IL,Novartis,G66721104,812279.0,SH
1452676,CITADEL ADVISORS LLC,1423053,IL,Pfizer,71639T106,33342.0,SH
1452677,CITADEL ADVISORS LLC,1423053,IL,Pfizer,71639T106,15694.0,SH
1452678,CITADEL ADVISORS LLC,1423053,IL,Pfizer,71639T106,50200.0,SH
1453646,CITADEL ADVISORS LLC,1423053,IL,Sanofi,80007A102,17114.0,SH
1453647,CITADEL ADVISORS LLC,1423053,IL,Sanofi,80007A102,12400.0,SH
1453648,CITADEL ADVISORS LLC,1423053,IL,Sanofi,80013R206,31295.0,SH
1453649,CITADEL ADVISORS LLC,1423053,IL,Sanofi,80013R206,133810.0,SH
1453976,CITADEL ADVISORS LLC,1423053,IL,Roche,82900L102,12700.0,SH
1456994,"Redmile Group, LLC",1425738,CA,Merck,372303206,1057393.0,SH
1456998,"Redmile Group, LLC",1425738,CA,Novartis,431475102,585000.0,SH
1457010,"Redmile Group, LLC",1425738,CA,Sanofi,60877T100,4705308.0,SH
1466664,"SUSQUEHANNA INTERNATIONAL GROUP, LLP",1446194,PA,Astrazeneca,04537Y109,27000.0,SH
1466665,"SUSQUEHANNA INTERNATIONAL GROUP, LLP",1446194,PA,Astrazeneca,045396108,12400.0,SH
1466666,"SUSQUEHANNA INTERNATIONAL GROUP, LLP",1446194,PA,Astrazeneca,04546C106,22400.0,SH
1466667,"SUSQUEHANNA INTERNATIONAL GROUP, LLP",1446194,PA,Astrazeneca,04546C106,137800.0,SH
1466668,"SUSQUEHANNA INTERNATIONAL GROUP, LLP",1446194,PA,Astrazeneca,04546L106,30256.0,SH
1466669,"SUSQUEHANNA INTERNATIONAL GROUP, LLP",1446194,PA,Astrazeneca,045487105,91825.0,SH
1470177,"SUSQUEHANNA INTERNATIONAL GROUP, LLP",1446194,PA,Glaxosmithkline,37637Q105,20500.0,SH
1470178,"SUSQUEHANNA INTERNATIONAL GROUP, LLP",1446194,PA,Glaxosmithkline,37637Q105,76000.0,SH
1470179,"SUSQUEHANNA INTERNATIONAL GROUP, LLP",1446194,PA,Glaxosmithkline,376535100,77505.0,SH
1470180,"SUSQUEHANNA INTERNATIONAL GROUP, LLP",1446194,PA,Glaxosmithkline,376535100,19100.0,SH
1470181,"SUSQUEHANNA INTERNATIONAL GROUP, LLP",1446194,PA,Glaxosmithkline,376535100,142500.0,SH
1470182,"SUSQUEHANNA INTERNATIONAL GROUP, LLP",1446194,PA,Glaxosmithkline,376536108,28200.0,SH
1472841,"SUSQUEHANNA INTERNATIONAL GROUP, LLP",1446194,PA,Merck,55279B202,56800.0,SH
1472842,"SUSQUEHANNA INTERNATIONAL GROUP, LLP",1446194,PA,Merck,55279B202,100800.0,SH
1472843,"SUSQUEHANNA INTERNATIONAL GROUP, LLP",1446194,PA,Merck,G59665102,10231.0,SH
1472844,"SUSQUEHANNA INTERNATIONAL GROUP, LLP",1446194,PA,Merck,585464100,637476.0,SH
1472845,"SUSQUEHANNA INTERNATIONAL GROUP, LLP",1446194,PA,Merck,585464100,748400.0,SH
1472846,"SUSQUEHANNA INTERNATIONAL GROUP, LLP",1446194,PA,Merck,585464100,221800.0,SH
1472847,"SUSQUEHANNA INTERNATIONAL GROUP, LLP",1446194,PA,Merck,58733R102,37746.0,SH
1472992,"SUSQUEHANNA INTERNATIONAL GROUP, LLP",1446194,PA,Moderna,60687Y109,10500.0,SH
1472993,"SUSQUEHANNA INTERNATIONAL GROUP, LLP",1446194,PA,Moderna,55306N104,18825.0,SH
1472994,"SUSQUEHANNA INTERNATIONAL GROUP, LLP",1446194,PA,Moderna,55306N104,39300.0,SH
1472995,"SUSQUEHANNA INTERNATIONAL GROUP, LLP",1446194,PA,Moderna,55306N104,14700.0,SH
1472996,"SUSQUEHANNA INTERNATIONAL GROUP, LLP",1446194,PA,Moderna,60740F105,1031346.0,SH
1472997,"SUSQUEHANNA INTERNATIONAL GROUP, LLP",1446194,PA,Moderna,60740F105,7600.0,SH
1472998,"SUSQUEHANNA INTERNATIONAL GROUP, LLP",1446194,PA,Moderna,60740F105,11200.0,SH
1473483,"SUSQUEHANNA INTERNATIONAL GROUP, LLP",1446194,PA,Novartis,668771108,890100.0,SH
1473484,"SUSQUEHANNA INTERNATIONAL GROUP, LLP",1446194,PA,Novartis,G66721104,2515101.0,SH
1474011,"SUSQUEHANNA INTERNATIONAL GROUP, LLP",1446194,PA,Pfizer,716382106,142723.0,SH
1474012,"SUSQUEHANNA INTERNATIONAL GROUP, LLP",1446194,PA,Pfizer,716382106,119600.0,SH
1474013,"SUSQUEHANNA INTERNATIONAL GROUP, LLP",1446194,PA,Pfizer,716382106,83500.0,SH
1474014,"SUSQUEHANNA INTERNATIONAL GROUP, LLP",1446194,PA,Pfizer,71646E100,66600.0,SH
1474015,"SUSQUEHANNA INTERNATIONAL GROUP, LLP",1446194,PA,Pfizer,71646E100,130400.0,SH
1474016,"SUSQUEHANNA INTERNATIONAL GROUP, LLP",1446194,PA,Pfizer,71654V408,64659.0,SH
1474017,"SUSQUEHANNA INTERNATIONAL GROUP, LLP",1446194,PA,Pfizer,71654V408,10473917.0,SH
1474969,"SUSQUEHANNA INTERNATIONAL GROUP, LLP",1446194,PA,Sanofi,800013104,65900.0,SH
1474970,"SUSQUEHANNA INTERNATIONAL GROUP, LLP",1446194,PA,Sanofi,80007P869,35116.0,SH
1474971,"SUSQUEHANNA INTERNATIONAL GROUP, LLP",1446194,PA,Sanofi,80007P869,13200.0,SH
1475293,"SUSQUEHANNA INTERNATIONAL GROUP, LLP",1446194,PA,Sinovac,82900L102,89654.0,SH
1490427,"DRW Securities, LLC",1481986,IL,Glaxosmithkline,D18190898,61600.0,SH
1490503,"DRW Securities, LLC",1481986,IL,Sanofi,681116109,23400.0,SH
1490504,"DRW Securities, LLC",1481986,IL,Sanofi,705015105,23031.0,SH
1587063,"Nuveen Asset Management, LLC",1521019,IL,Astrazeneca,03748R754,439207.0,SH
1587382,"Nuveen Asset Management, LLC",1521019,IL,Glaxosmithkline,363576109,18107.0,SH
1587587,"Nuveen Asset Management, LLC",1521019,IL,Merck,57060D108,5410.0,SH
1587588,"Nuveen Asset Management, LLC",1521019,IL,Merck,571903202,7569.0,SH
1587604,"Nuveen Asset Management, LLC",1521019,IL,Moderna,58933Y105,296893.0,SH
1587695,"Nuveen Asset Management, LLC",1521019,IL,Pfizer,695156109,2437.0,SH
1587696,"Nuveen Asset Management, LLC",1521019,IL,Pfizer,69753M105,24349.0,SH
1588288,"Nuveen Asset Management, LLC",1521019,IL,Astrazeneca,043113208,15538.0,SH
1589201,"Nuveen Asset Management, LLC",1521019,IL,Glaxosmithkline,G3922B107,584086.0,SH
1589786,"Nuveen Asset Management, LLC",1521019,IL,Merck,552690109,844313.0,SH
1589836,"Nuveen Asset Management, LLC",1521019,IL,Moderna,598511103,32047.0,SH
1590146,"Nuveen Asset Management, LLC",1521019,IL,Pfizer,70959W103,68061.0,SH
1591301,"Nuveen Asset Management, LLC",1521019,IL,Astrazeneca,04335A105,236698.0,SH
1592873,"Nuveen Asset Management, LLC",1521019,IL,Merck,58155Q103,500103.0,SH
1592924,"Nuveen Asset Management, LLC",1521019,IL,Moderna,597742105,45445.0,SH
1593242,"Nuveen Asset Management, LLC",1521019,IL,Pfizer,70959W103,42653.0,SH
1594161,"Nuveen Asset Management, LLC",1521019,IL,Merck,20030N101,3914879.0,SH
1594173,"Nuveen Asset Management, LLC",1521019,IL,Sanofi,539830109,480028.0,SH
1597928,Allianz Asset Management GmbH,1535323,2M,Astrazeneca,042735100,1396.0,SH
1599202,Allianz Asset Management GmbH,1535323,2M,Glaxosmithkline,371532102,16767.0,SH
1600061,Allianz Asset Management GmbH,1535323,2M,Merck,580589109,185.0,SH
1600062,Allianz Asset Management GmbH,1535323,2M,Merck,58155Q103,196.0,SH
1600063,Allianz Asset Management GmbH,1535323,2M,Merck,58155Q103,713450.0,SH
1600064,Allianz Asset Management GmbH,1535323,2M,Merck,58155Q103,25434.0,SH
1600065,Allianz Asset Management GmbH,1535323,2M,Merck,58155Q103,414.0,SH
1600066,Allianz Asset Management GmbH,1535323,2M,Merck,58155Q903,13900.0,SH
1600067,Allianz Asset Management GmbH,1535323,2M,Merck,58155Q953,20900.0,SH
1600068,Allianz Asset Management GmbH,1535323,2M,Merck,58463J304,899622.0,SH
1600132,Allianz Asset Management GmbH,1535323,2M,Moderna,595112103,1822.0,SH
1600133,Allianz Asset Management GmbH,1535323,2M,Moderna,595112103,981811.0,SH
1600134,Allianz Asset Management GmbH,1535323,2M,Moderna,595112903,28500.0,SH
1600329,Allianz Asset Management GmbH,1535323,2M,Novartis,655844958,33800.0,SH
1600560,Allianz Asset Management GmbH,1535323,2M,Pfizer,71363P106,116560.0,SH
1600561,Allianz Asset Management GmbH,1535323,2M,Pfizer,71375U101,226841.0,SH
1600562,Allianz Asset Management GmbH,1535323,2M,Pfizer,71377A103,107123.0,SH
1600563,Allianz Asset Management GmbH,1535323,2M,Pfizer,71377A103,56495.0,SH
1600564,Allianz Asset Management GmbH,1535323,2M,Pfizer,71377A103,25000.0,SH
1600565,Allianz Asset Management GmbH,1535323,2M,Pfizer,71377A103,518.0,SH
1600566,Allianz Asset Management GmbH,1535323,2M,Pfizer,714046109,233720.0,SH
1600567,Allianz Asset Management GmbH,1535323,2M,Pfizer,714046109,127611.0,SH
1600881,Allianz Asset Management GmbH,1535323,2M,Sanofi,78486Q101,25190.0,SH
1600882,Allianz Asset Management GmbH,1535323,2M,Sanofi,78573L106,33411.0,SH
1631601,"SG3 Management, LLC",1630888,PR,Astrazeneca,037411105,150000.0,SH
1631602,"SG3 Management, LLC",1630888,PR,Astrazeneca,03768E105,30000.0,SH
1631889,"SG3 Management, LLC",1630888,PR,Moderna,55826T102,37400.0,SH
1631890,"SG3 Management, LLC",1630888,PR,Moderna,55825T103,27600.0,SH
1631891,"SG3 Management, LLC",1630888,PR,Moderna,559663109,85500.0,SH
1631940,"SG3 Management, LLC",1630888,PR,Pfizer,68389X105,3700.0,SH
1652270,"Vivo Capital, LLC",1674712,CA,Sinovac,50127T109,1050000.0,SH
1737162,BANK OF AMERICA CORP /DE/,70858,NC,Astrazeneca,045528106,871.0,SH
1737163,BANK OF AMERICA CORP /DE/,70858,NC,Astrazeneca,04621X108,20730.0,SH
1737164,BANK OF AMERICA CORP /DE/,70858,NC,Astrazeneca,04621X108,7794.0,SH
1737165,BANK OF AMERICA CORP /DE/,70858,NC,Astrazeneca,04621X108,26971.0,SH
1737166,BANK OF AMERICA CORP /DE/,70858,NC,Astrazeneca,04621X108,716.0,SH
1737167,BANK OF AMERICA CORP /DE/,70858,NC,Astrazeneca,04621X108,93230.0,SH
1737168,BANK OF AMERICA CORP /DE/,70858,NC,Astrazeneca,04621X207,478.0,SH
1744062,BANK OF AMERICA CORP /DE/,70858,NC,Glaxosmithkline,376546107,1911.0,SH
1744063,BANK OF AMERICA CORP /DE/,70858,NC,Glaxosmithkline,376546107,130.0,SH
1744064,BANK OF AMERICA CORP /DE/,70858,NC,Glaxosmithkline,376549101,12203.0,SH
1744065,BANK OF AMERICA CORP /DE/,70858,NC,Glaxosmithkline,376549101,38.0,SH
1744066,BANK OF AMERICA CORP /DE/,70858,NC,Glaxosmithkline,376549101,23067.0,SH
1744067,BANK OF AMERICA CORP /DE/,70858,NC,Glaxosmithkline,377316104,53506.0,SH
1749490,BANK OF AMERICA CORP /DE/,70858,NC,Merck,58733R102,92897.0,SH
1749491,BANK OF AMERICA CORP /DE/,70858,NC,Merck,58733R102,15750.0,SH
1749492,BANK OF AMERICA CORP /DE/,70858,NC,Merck,58733R102,104152.0,SH
1749493,BANK OF AMERICA CORP /DE/,70858,NC,Merck,58733R102,160.0,SH
1749494,BANK OF AMERICA CORP /DE/,70858,NC,Merck,58733R102,491.0,SH
1749495,BANK OF AMERICA CORP /DE/,70858,NC,Merck,58733R102,73999.0,SH
1749496,BANK OF AMERICA CORP /DE/,70858,NC,Merck,58733R102,5569.0,SH
1749497,BANK OF AMERICA CORP /DE/,70858,NC,Merck,58733RAD4,3000.0,PRN
1749498,BANK OF AMERICA CORP /DE/,70858,NC,Merck,58733RAD4,1500000.0,PRN
1749499,BANK OF AMERICA CORP /DE/,70858,NC,Merck,587376104,120036.0,SH
1749500,BANK OF AMERICA CORP /DE/,70858,NC,Merck,587376104,2263.0,SH
1749834,BANK OF AMERICA CORP /DE/,70858,NC,Moderna,60740F105,150882.0,SH
1749836,BANK OF AMERICA CORP /DE/,70858,NC,Moderna,60740F105,220675.0,SH
1749837,BANK OF AMERICA CORP /DE/,70858,NC,Moderna,60740F105,86908.0,SH
1749838,BANK OF AMERICA CORP /DE/,70858,NC,Moderna,607409109,32665.0,SH
1749839,BANK OF AMERICA CORP /DE/,70858,NC,Moderna,607409109,201054.0,SH
1749840,BANK OF AMERICA CORP /DE/,70858,NC,Moderna,607409109,390702.0,SH
1749841,BANK OF AMERICA CORP /DE/,70858,NC,Moderna,607409109,855840.0,SH
1749842,BANK OF AMERICA CORP /DE/,70858,NC,Moderna,607409109,4104.0,SH
1749843,BANK OF AMERICA CORP /DE/,70858,NC,Moderna,607409109,735340.0,SH
1750827,BANK OF AMERICA CORP /DE/,70858,NC,Novartis,669549107,173.0,SH
1750828,BANK OF AMERICA CORP /DE/,70858,NC,Novartis,66979P201,37.0,SH
1750829,BANK OF AMERICA CORP /DE/,70858,NC,Novartis,M7516K103,2665.0,SH
1750830,BANK OF AMERICA CORP /DE/,70858,NC,Novartis,66987P201,3000.0,SH
1750831,BANK OF AMERICA CORP /DE/,70858,NC,Novartis,66987E206,88952.0,SH
1750832,BANK OF AMERICA CORP /DE/,70858,NC,Novartis,66987E206,2207.0,SH
1750833,BANK OF AMERICA CORP /DE/,70858,NC,Novartis,66987E206,76500.0,SH
1752014,BANK OF AMERICA CORP /DE/,70858,NC,Pfizer,71646E100,1021.0,SH
1752015,BANK OF AMERICA CORP /DE/,70858,NC,Pfizer,71646E100,2216.0,SH
1752016,BANK OF AMERICA CORP /DE/,70858,NC,Pfizer,71646E100,6204.0,SH
1752017,BANK OF AMERICA CORP /DE/,70858,NC,Pfizer,71646E100,254.0,SH
1752018,BANK OF AMERICA CORP /DE/,70858,NC,Pfizer,71654V101,58017.0,SH
1752019,BANK OF AMERICA CORP /DE/,70858,NC,Pfizer,71654V101,129517.0,SH
1752020,BANK OF AMERICA CORP /DE/,70858,NC,Pfizer,71654V101,5041.0,SH
1752021,BANK OF AMERICA CORP /DE/,70858,NC,Pfizer,71654V101,284303.0,SH
1752022,BANK OF AMERICA CORP /DE/,70858,NC,Pfizer,71654V408,97308.0,SH
1752023,BANK OF AMERICA CORP /DE/,70858,NC,Pfizer,71654V408,308412.0,SH
1752024,BANK OF AMERICA CORP /DE/,70858,NC,Pfizer,71654V408,158937.0,SH
1752025,BANK OF AMERICA CORP /DE/,70858,NC,Pfizer,71654V408,911900.0,SH
1753721,BANK OF AMERICA CORP /DE/,70858,NC,Sanofi,800363103,89485.0,SH
1753722,BANK OF AMERICA CORP /DE/,70858,NC,Sanofi,800363103,60957.0,SH
1753723,BANK OF AMERICA CORP /DE/,70858,NC,Sanofi,800422107,9923.0,SH
1753724,BANK OF AMERICA CORP /DE/,70858,NC,Sanofi,800422107,2407.0,SH
1753725,BANK OF AMERICA CORP /DE/,70858,NC,Sanofi,800422107,7931.0,SH
1753726,BANK OF AMERICA CORP /DE/,70858,NC,Sanofi,800422107,12431.0,SH
1753727,BANK OF AMERICA CORP /DE/,70858,NC,Sanofi,800422107,891.0,SH
1754395,BANK OF AMERICA CORP /DE/,70858,NC,Roche,829073105,26.0,SH
1754396,BANK OF AMERICA CORP /DE/,70858,NC,Roche,829073105,177226.0,SH
1754397,BANK OF AMERICA CORP /DE/,70858,NC,Sinovac,829073105,7255.0,SH
1754398,BANK OF AMERICA CORP /DE/,70858,NC,Sinovac,829214105,6443.0,SH
1768269,"LORD, ABBETT & CO. LLC",728100,NJ,Merck,166764100,1974137.0,SH
1768354,"LORD, ABBETT & CO. LLC",728100,NJ,Astrazeneca,742718109,1333867.0,SH
1768428,"LORD, ABBETT & CO. LLC",728100,NJ,Pfizer,83304A106,284635.0,SH
1768447,"LORD, ABBETT & CO. LLC",728100,NJ,Sanofi,87918AAC9,3567000.0,PRN
1768507,"LORD, ABBETT & CO. LLC",728100,NJ,Astrazeneca,33616C100,288.0,SH
1772223,NORTHERN TRUST CORP,73124,IL,Astrazeneca,045487105,620.0,SH
1772224,NORTHERN TRUST CORP,73124,IL,Astrazeneca,045487105,68451.0,SH
1772225,NORTHERN TRUST CORP,73124,IL,Astrazeneca,045487105,30951.0,SH
1772226,NORTHERN TRUST CORP,73124,IL,Astrazeneca,045487105,1070164.0,SH
1777086,NORTHERN TRUST CORP,73124,IL,Glaxosmithkline,376536108,288.0,SH
1777087,NORTHERN TRUST CORP,73124,IL,Glaxosmithkline,376536108,37888.0,SH
1777088,NORTHERN TRUST CORP,73124,IL,Glaxosmithkline,376536108,5732.0,SH
1777089,NORTHERN TRUST CORP,73124,IL,Glaxosmithkline,376536108,408670.0,SH
1780216,NORTHERN TRUST CORP,73124,IL,Merck,58733R102,10763.0,SH
1780217,NORTHERN TRUST CORP,73124,IL,Merck,58733R102,84150.0,SH
1780218,NORTHERN TRUST CORP,73124,IL,Merck,58733R102,44215.0,SH
1780219,NORTHERN TRUST CORP,73124,IL,Merck,58733R102,41756.0,SH
1780220,NORTHERN TRUST CORP,73124,IL,Merck,587376104,6040.0,SH
1780221,NORTHERN TRUST CORP,73124,IL,Merck,587376104,178.0,SH
1780444,NORTHERN TRUST CORP,73124,IL,Moderna,60739U204,93482.0,SH
1780445,NORTHERN TRUST CORP,73124,IL,Moderna,60739U204,10484.0,SH
1780446,NORTHERN TRUST CORP,73124,IL,Moderna,60739U204,1043024.0,SH
1780447,NORTHERN TRUST CORP,73124,IL,Moderna,607409109,372375.0,SH
1780448,NORTHERN TRUST CORP,73124,IL,Moderna,607409109,26290.0,SH
1781165,NORTHERN TRUST CORP,73124,IL,Novartis,668074305,645.0,SH
1781166,NORTHERN TRUST CORP,73124,IL,Novartis,668074305,384780.0,SH
1781167,NORTHERN TRUST CORP,73124,IL,Novartis,668074305,6941.0,SH
1781168,NORTHERN TRUST CORP,73124,IL,Novartis,668074305,1108329.0,SH
1782078,NORTHERN TRUST CORP,73124,IL,Pfizer,71639T106,3119.0,SH
1782079,NORTHERN TRUST CORP,73124,IL,Pfizer,71639T106,247126.0,SH
1782080,NORTHERN TRUST CORP,73124,IL,Pfizer,71646E100,715.0,SH
1782081,NORTHERN TRUST CORP,73124,IL,Pfizer,71646E100,14167.0,SH
1782082,NORTHERN TRUST CORP,73124,IL,Pfizer,71646E100,130217.0,SH
1782083,NORTHERN TRUST CORP,73124,IL,Pfizer,71654V101,1043876.0,SH
1783422,NORTHERN TRUST CORP,73124,IL,Sanofi,800363103,7753.0,SH
1783423,NORTHERN TRUST CORP,73124,IL,Sanofi,800363103,630177.0,SH
1783424,NORTHERN TRUST CORP,73124,IL,Sanofi,800422107,4300.0,SH
1783425,NORTHERN TRUST CORP,73124,IL,Sanofi,800422107,378.0,SH
1783850,NORTHERN TRUST CORP,73124,IL,Roche,82900L102,169065.0,SH
1787425,NORTHERN TRUST CORP,73124,IL,Sinovac,N96617118,22240.0,SH
1787426,NORTHERN TRUST CORP,73124,IL,Sinovac,N96617118,1425136.0,SH
1790110,PRICE T ROWE ASSOCIATES INC /MD/,80255,MD,Astrazeneca,039483102,2477042.0,SH
1790902,PRICE T ROWE ASSOCIATES INC /MD/,80255,MD,Pfizer,702712100,179873.0,SH
1791705,PRICE T ROWE ASSOCIATES INC /MD/,80255,MD,Glaxosmithkline,36164V305,10144477.0,SH
1791914,PRICE T ROWE ASSOCIATES INC /MD/,80255,MD,Merck,57060D108,1345551.0,SH
1791927,PRICE T ROWE ASSOCIATES INC /MD/,80255,MD,Moderna,58506Q109,783773.0,SH
1791971,PRICE T ROWE ASSOCIATES INC /MD/,80255,MD,Novartis,64157F103,4895208.0,SH
1792145,PRICE T ROWE ASSOCIATES INC /MD/,80255,MD,Sanofi,78463M107,467730.0,SH
1823395,MORGAN STANLEY,895421,NY,Sinovac,N97284108,33286.0,SH
1825222,MORGAN STANLEY,895421,NY,Astrazeneca,045487105,763.0,SH
1825223,MORGAN STANLEY,895421,NY,Astrazeneca,045487105,96761.0,SH
1825224,MORGAN STANLEY,895421,NY,Astrazeneca,045528106,584.0,SH
1825225,MORGAN STANLEY,895421,NY,Astrazeneca,045528106,50.0,SH
1825226,MORGAN STANLEY,895421,NY,Astrazeneca,04621X108,3603.0,SH
1831657,MORGAN STANLEY,895421,NY,Glaxosmithkline,376536108,93550.0,SH
1831658,MORGAN STANLEY,895421,NY,Glaxosmithkline,376546107,58934.0,SH
1836278,MORGAN STANLEY,895421,NY,Merck,58733R102,1915.0,SH
1836279,MORGAN STANLEY,895421,NY,Merck,58733R102,168414.0,SH
1836280,MORGAN STANLEY,895421,NY,Merck,58733R102,37729.0,SH
1836281,MORGAN STANLEY,895421,NY,Merck,58733R102,5837.0,SH
1836282,MORGAN STANLEY,895421,NY,Merck,58733R102,43499.0,SH
1836283,MORGAN STANLEY,895421,NY,Merck,58733R102,17482.0,SH
1836284,MORGAN STANLEY,895421,NY,Merck,58733R102,2487.0,SH
1836285,MORGAN STANLEY,895421,NY,Merck,587376104,4883.0,SH
1836286,MORGAN STANLEY,895421,NY,Merck,587376104,400.0,SH
1836546,MORGAN STANLEY,895421,NY,Moderna,60739U204,137196.0,SH
1836547,MORGAN STANLEY,895421,NY,Moderna,60739U204,11862.0,SH
1836548,MORGAN STANLEY,895421,NY,Moderna,607409109,204391.0,SH
1836549,MORGAN STANLEY,895421,NY,Moderna,607409109,13344.0,SH
1836550,MORGAN STANLEY,895421,NY,Moderna,607409109,205635.0,SH
1836551,MORGAN STANLEY,895421,NY,Moderna,607409109,5939.0,SH
1837428,MORGAN STANLEY,895421,NY,Novartis,668074305,1641.0,SH
1837429,MORGAN STANLEY,895421,NY,Novartis,668074305,2718.0,SH
1837430,MORGAN STANLEY,895421,NY,Novartis,668074305,21024.0,SH
1837431,MORGAN STANLEY,895421,NY,Novartis,668771108,1064.0,SH
1838584,MORGAN STANLEY,895421,NY,Pfizer,716382106,100.0,SH
1838585,MORGAN STANLEY,895421,NY,Pfizer,716382106,146494.0,SH
1838586,MORGAN STANLEY,895421,NY,Pfizer,71639T106,28046.0,SH
1838587,MORGAN STANLEY,895421,NY,Pfizer,71639T106,95004.0,SH
1838588,MORGAN STANLEY,895421,NY,Pfizer,71639T106,100.0,SH
1838589,MORGAN STANLEY,895421,NY,Pfizer,71639T106,5657.0,SH
1838590,MORGAN STANLEY,895421,NY,Pfizer,71646E100,114.0,SH
1838591,MORGAN STANLEY,895421,NY,Pfizer,71646E100,11208.0,SH
1838592,MORGAN STANLEY,895421,NY,Pfizer,71646E100,15741.0,SH
1840527,MORGAN STANLEY,895421,NY,Sanofi,800363103,166.0,SH
1840528,MORGAN STANLEY,895421,NY,Sanofi,800363103,65218.0,SH
1840529,MORGAN STANLEY,895421,NY,Sanofi,800422107,23460.0,SH
1841077,MORGAN STANLEY,895421,NY,Roche,82900L102,800.0,SH
1841078,MORGAN STANLEY,895421,NY,Roche,82900L102,100.0,SH
1841079,MORGAN STANLEY,895421,NY,Roche,82900L102,500887.0,SH
1858352,Invesco Ltd.,914208,GA,Astrazeneca,045487105,287437.0,SH
1858353,Invesco Ltd.,914208,GA,Astrazeneca,04621X108,64.0,SH
1863267,Invesco Ltd.,914208,GA,Glaxosmithkline,37637Q105,93251.0,SH
1863268,Invesco Ltd.,914208,GA,Glaxosmithkline,37637Q105,23629.0,SH
1866169,Invesco Ltd.,914208,GA,Merck,58733R102,15625.0,SH
1866170,Invesco Ltd.,914208,GA,Merck,58733R102,201.0,SH
1866171,Invesco Ltd.,914208,GA,Merck,58733R102,21.0,SH
1866172,Invesco Ltd.,914208,GA,Merck,58733R102,12.0,SH
1866173,Invesco Ltd.,914208,GA,Merck,58733R102,39354.0,SH
1866174,Invesco Ltd.,914208,GA,Merck,58733R102,300.0,SH
1866175,Invesco Ltd.,914208,GA,Merck,58733RAD4,5000000.0,PRN
1866176,Invesco Ltd.,914208,GA,Merck,587376104,1135.0,SH
1866177,Invesco Ltd.,914208,GA,Merck,587376104,23599.0,SH
1866178,Invesco Ltd.,914208,GA,Merck,588056101,22700.0,SH
1866179,Invesco Ltd.,914208,GA,Merck,588056101,1500.0,SH
1866180,Invesco Ltd.,914208,GA,Merck,588056101,14292.0,SH
1866181,Invesco Ltd.,914208,GA,Merck,588056101,174233.0,SH
1866182,Invesco Ltd.,914208,GA,Merck,58844R108,7880.0,SH
1866183,Invesco Ltd.,914208,GA,Merck,58844R108,600.0,SH
1866184,Invesco Ltd.,914208,GA,Merck,58844R108,561.0,SH
1866185,Invesco Ltd.,914208,GA,Merck,58844R108,34997.0,SH
1866186,Invesco Ltd.,914208,GA,Merck,58933Y105,10843.0,SH
1866388,Invesco Ltd.,914208,GA,Moderna,60688N102,62237.0,SH
1866389,Invesco Ltd.,914208,GA,Moderna,60739U204,6647.0,SH
1866390,Invesco Ltd.,914208,GA,Moderna,60739U204,31994.0,SH
1866391,Invesco Ltd.,914208,GA,Moderna,607409109,21541.0,SH
1866392,Invesco Ltd.,914208,GA,Moderna,607409109,3016494.0,SH
1867109,Invesco Ltd.,914208,GA,Novartis,668074305,31516.0,SH
1867110,Invesco Ltd.,914208,GA,Novartis,668074305,45393.0,SH
1867111,Invesco Ltd.,914208,GA,Novartis,668771108,615.0,SH
1867957,Invesco Ltd.,914208,GA,Pfizer,715347100,74688.0,SH
1867958,Invesco Ltd.,914208,GA,Pfizer,715347100,1365.0,SH
1867959,Invesco Ltd.,914208,GA,Pfizer,715347100,4939.0,SH
1867960,Invesco Ltd.,914208,GA,Pfizer,716382106,31180.0,SH
1867961,Invesco Ltd.,914208,GA,Pfizer,716382106,3600.0,SH
1867962,Invesco Ltd.,914208,GA,Pfizer,716382106,10015.0,SH
1867963,Invesco Ltd.,914208,GA,Pfizer,716382106,52700.0,SH
1867964,Invesco Ltd.,914208,GA,Pfizer,71639T106,1401.0,SH
1867965,Invesco Ltd.,914208,GA,Pfizer,71639T106,10151.0,SH
1867966,Invesco Ltd.,914208,GA,Pfizer,71646E100,15004.0,SH
1867967,Invesco Ltd.,914208,GA,Pfizer,71646E100,5974.0,SH
1867968,Invesco Ltd.,914208,GA,Pfizer,71654V101,865000.0,SH
1867969,Invesco Ltd.,914208,GA,Pfizer,71654V408,29498.0,SH
1867970,Invesco Ltd.,914208,GA,Pfizer,71654V408,258000.0,SH
1867971,Invesco Ltd.,914208,GA,Pfizer,717071104,39240.0,SH
1867972,Invesco Ltd.,914208,GA,Pfizer,717071104,12600.0,SH
1869210,Invesco Ltd.,914208,GA,Sanofi,80013R206,108294.0,SH
1869211,Invesco Ltd.,914208,GA,Sanofi,80013R206,4053985.0,SH
1869212,Invesco Ltd.,914208,GA,Sanofi,80013R206,390000.0,SH
1869213,Invesco Ltd.,914208,GA,Sanofi,800363103,2416.0,SH
1884285,STATE STREET CORP,93751,MA,Glaxosmithkline,37364X109,148641.0,SH
1885098,STATE STREET CORP,93751,MA,Merck,58468P206,788157.0,SH
1885172,STATE STREET CORP,93751,MA,Moderna,60463E103,12400.0,SH
1885372,STATE STREET CORP,93751,MA,Novartis,665531109,569877.0,SH
1885599,STATE STREET CORP,93751,MA,Pfizer,712706209,310672.0,SH
1885942,STATE STREET CORP,93751,MA,Sanofi,786449207,366924.0,SH
1886073,STATE STREET CORP,93751,MA,Sinovac,M84116108,6362.0,SH
1886314,STATE STREET CORP,93751,MA,Astrazeneca,87164F105,473120.0,SH
